MFCC1_mean,MFCC1_std,MFCC2_mean,MFCC2_std,MFCC3_mean,MFCC3_std,MFCC4_mean,MFCC4_std,MFCC5_mean,MFCC5_std,MFCC6_mean,MFCC6_std,MFCC7_mean,MFCC7_std,MFCC8_mean,MFCC8_std,MFCC9_mean,MFCC9_std,MFCC10_mean,MFCC10_std,MFCC11_mean,MFCC11_std,MFCC12_mean,MFCC12_std,MFCC13_mean,MFCC13_std,SC_mean,SC_std,SFL_mean,SFL_std,RMS_mean,RMS_std,SCR_mean,SCR_std,ZCR_mean,ZCR_std
-25.766521232356965,0.4019880981194418,-1.1210181400819583,0.6307504860847306,-0.6707528329173498,-0.06603320724835929,-0.3801804645588305,-0.21889095312173237,-0.013666573329465975,0.14067443587421458,0.08151922404043181,0.2856987083875478,0.2886713145139095,3344.437151598483,4.282685453424246e-05,-20.581460304980844,0.0338443330149251,0.10783935706536325,2.019055797478929,0.8228550724257192,0.5620676495996424,0.4398999016148721,0.5032761891876317,0.3571049366747378,0.3422479260903748,0.37496498146046037,0.39794043052488526,0.620978754536107,0.6429252142327729,0.5009679600585234,0.4603852983348475,727.0859612511495,2.8919745268917108e-05,7.105471990284708,0.017611166449618076,0.027565001193385476
-25.766521232356965,0.4019880981194418,-1.1210181400819583,0.6307504860847306,-0.6707528329173498,-0.06603320724835929,-0.3801804645588305,-0.21889095312173237,-0.013666573329465975,0.14067443587421458,0.08151922404043181,0.2856987083875478,0.2886713145139095,3344.437151598483,4.282685453424246e-05,-20.581460304980844,0.0338443330149251,0.10783935706536325,2.019055797478929,0.8228550724257192,0.5620676495996424,0.4398999016148721,0.5032761891876317,0.3571049366747378,0.3422479260903748,0.37496498146046037,0.39794043052488526,0.620978754536107,0.6429252142327729,0.5009679600585234,0.4603852983348475,727.0859612511495,2.8919745268917108e-05,7.105471990284708,0.017611166449618076,0.027565001193385476
-24.482269680827343,0.7065088209357704,-1.240961436579732,0.5270022168908393,-0.5437283031269428,-0.18426200774140525,-0.2058602341910898,-0.06911157407713607,-0.09440547274971348,-0.2203632289470487,-0.2859492940027459,-0.05072094329440925,0.14502057073858043,3248.0455587547945,4.6636835890750015e-05,-18.29992193600194,0.032471528364470474,0.1028797483905843,1.1673315338104557,0.6905767862526525,0.5214286765680543,0.4354892262594841,0.3805430848338957,0.32370273646021785,0.3409346360372987,0.36579837677632515,0.2997385709061229,0.3542265874453606,0.37963693431784523,0.39355799527978724,0.43568694847362743,793.2126687274148,2.2972402959058492e-05,4.142038470829856,0.017949514035820586,0.0273810317953024
-24.482269680827343,0.7065088209357704,-1.240961436579732,0.5270022168908393,-0.5437283031269428,-0.18426200774140525,-0.2058602341910898,-0.06911157407713607,-0.09440547274971348,-0.2203632289470487,-0.2859492940027459,-0.05072094329440925,0.14502057073858043,3248.0455587547945,4.6636835890750015e-05,-18.29992193600194,0.032471528364470474,0.1028797483905843,1.1673315338104557,0.6905767862526525,0.5214286765680543,0.4354892262594841,0.3805430848338957,0.32370273646021785,0.3409346360372987,0.36579837677632515,0.2997385709061229,0.3542265874453606,0.37963693431784523,0.39355799527978724,0.43568694847362743,793.2126687274148,2.2972402959058492e-05,4.142038470829856,0.017949514035820586,0.0273810317953024
-24.343350408415755,0.5956820739942624,-1.1135484259531838,0.3483051416222361,-0.7485699340940928,-0.21939004781204516,-0.1300305610727337,0.2149929818384704,-0.07290522254863332,-0.13705641043098427,-0.048685302168189275,0.16302004778428958,-0.04241938188715058,3340.6862364860394,5.56926887268619e-05,-17.376301661018175,0.0345086217425104,0.1010365279715125,2.054226574340035,0.764326758897444,0.5583150493460031,0.606117270116003,0.4186547670271709,0.3975147190496578,0.34211097839786,0.3129519923849333,0.3451917721129369,0.34663125996356936,0.315584651589615,0.3556447874149574,0.29390677203155274,508.5154385895114,2.9749453084119626e-05,5.270730232097443,0.020826129792300814,0.022767659095180616
-23.953892035253027,0.08765737949212242,-1.1301520256198136,0.25122939253868626,-0.7970942603403529,-0.32487380546964273,-0.21233849456935727,0.2612334637477699,0.01018359587528845,-0.07691723141721907,0.27697914686927155,0.018905255960798503,-0.29758648716409397,3410.811493146444,6.564871500120026e-05,-15.694083603882241,0.03329354393556714,0.10100382933200269,1.6488587514240787,0.7527320697371713,0.5646410214165851,0.5440808629184273,0.3991055063766677,0.41828312971610254,0.33677280637790447,0.3287004302790385,0.31449537394469385,0.3502802116200631,0.38870975902664107,0.43466753642782663,0.44967661197105474,631.5873534010292,2.7529302470926845e-05,4.2075211618984305,0.016782989831658494,0.028139767022350617
-28.868581786213507,-0.01788853360901431,-0.42530477077868545,0.5818887259434404,-0.486605906817325,-0.3652826668206277,-0.2643165276167067,-0.1468025224230487,0.40584784996427514,0.22684492602226158,0.10385920073419795,0.05893327805148616,0.04676355803073201,4132.959654485612,2.503152751806645e-05,-29.926152050180164,0.030215206171802986,0.13296741098598683,4.686253080172123,1.727855890997578,0.9143212227855558,0.6792498203846353,0.5508201073255115,0.5145229509046264,0.492424261429563,0.3858541105170849,0.5177455182157431,0.5735749516109212,0.37969307975623545,0.4015394239686047,0.5217309875119058,1472.6307843650052,2.6303989943201125e-05,14.877520882129797,0.022982926801451184,0.07969421782746063
-24.343350408415755,0.5956820739942624,-1.1135484259531838,0.3483051416222361,-0.7485699340940928,-0.21939004781204516,-0.1300305610727337,0.2149929818384704,-0.07290522254863332,-0.13705641043098427,-0.048685302168189275,0.16302004778428958,-0.04241938188715058,3340.6862364860394,5.56926887268619e-05,-17.376301661018175,0.0345086217425104,0.1010365279715125,2.054226574340035,0.764326758897444,0.5583150493460031,0.606117270116003,0.4186547670271709,0.3975147190496578,0.34211097839786,0.3129519923849333,0.3451917721129369,0.34663125996356936,0.315584651589615,0.3556447874149574,0.29390677203155274,508.5154385895114,2.9749453084119626e-05,5.270730232097443,0.020826129792300814,0.022767659095180616
-23.953892035253027,0.08765737949212242,-1.1301520256198136,0.25122939253868626,-0.7970942603403529,-0.32487380546964273,-0.21233849456935727,0.2612334637477699,0.01018359587528845,-0.07691723141721907,0.27697914686927155,0.018905255960798503,-0.29758648716409397,3410.811493146444,6.564871500120026e-05,-15.694083603882241,0.03329354393556714,0.10100382933200269,1.6488587514240787,0.7527320697371713,0.5646410214165851,0.5440808629184273,0.3991055063766677,0.41828312971610254,0.33677280637790447,0.3287004302790385,0.31449537394469385,0.3502802116200631,0.38870975902664107,0.43466753642782663,0.44967661197105474,631.5873534010292,2.7529302470926845e-05,4.2075211618984305,0.016782989831658494,0.028139767022350617
-28.868581786213507,-0.01788853360901431,-0.42530477077868545,0.5818887259434404,-0.486605906817325,-0.3652826668206277,-0.2643165276167067,-0.1468025224230487,0.40584784996427514,0.22684492602226158,0.10385920073419795,0.05893327805148616,0.04676355803073201,4132.959654485612,2.503152751806645e-05,-29.926152050180164,0.030215206171802986,0.13296741098598683,4.686253080172123,1.727855890997578,0.9143212227855558,0.6792498203846353,0.5508201073255115,0.5145229509046264,0.492424261429563,0.3858541105170849,0.5177455182157431,0.5735749516109212,0.37969307975623545,0.4015394239686047,0.5217309875119058,1472.6307843650052,2.6303989943201125e-05,14.877520882129797,0.022982926801451184,0.07969421782746063
-24.47973065667982,-0.2796370750026729,-0.9564843884101986,0.47436687982538195,-0.5376858144487304,-0.38555957091784543,-0.006579932519034424,-0.03440593236103708,-0.20519017578766974,0.2994867820806156,-0.09082245032770625,-0.24808010931571592,-0.04938356254541868,3334.698706840113,3.665184659123454e-05,-19.365186277684007,0.029659974379758685,0.11784249462268037,1.9606499216039899,0.8264350878318382,0.48793112494323043,0.3933522711462324,0.24198819283137565,0.3245669241312469,0.29919431121236184,0.3626837484512382,0.4015784771910559,0.3433944497122194,0.392376831744586,0.4326523722496817,0.5594070938760152,640.1076361703692,2.4971960444194155e-05,4.970549125141984,0.026668883863378987,0.033895459646754396
-24.47973065667982,-0.2796370750026729,-0.9564843884101986,0.47436687982538195,-0.5376858144487304,-0.38555957091784543,-0.006579932519034424,-0.03440593236103708,-0.20519017578766974,0.2994867820806156,-0.09082245032770625,-0.24808010931571592,-0.04938356254541868,3334.698706840113,3.665184659123454e-05,-19.365186277684007,0.029659974379758685,0.11784249462268037,1.9606499216039899,0.8264350878318382,0.48793112494323043,0.3933522711462324,0.24198819283137565,0.3245669241312469,0.29919431121236184,0.3626837484512382,0.4015784771910559,0.3433944497122194,0.392376831744586,0.4326523722496817,0.5594070938760152,640.1076361703692,2.4971960444194155e-05,4.970549125141984,0.026668883863378987,0.033895459646754396
-26.102634274156845,-0.10225770502393167,-1.1093476503054005,0.2305653579905077,-0.5063712032445866,-0.6884412350651782,-0.40221626138892513,-0.017082527185292365,0.0898804132592677,0.3912710626656151,-0.1014932266671811,-0.2139070466200149,-0.1061986940135176,3594.2541413587364,3.5364180004475784e-05,-22.508897090165227,0.036163617977087226,0.1150398620986856,1.8355175713041116,0.5332657619916549,0.7357607653943985,0.43044823505188773,0.3165995204659082,0.36699813359737554,0.30045755382208905,0.3455117059137491,0.4057465004091367,0.4077215141439142,0.4821463264895549,0.4494750647431656,0.4272402655503422,741.1671239874877,3.681766026601085e-05,6.945060867127049,0.031025905006370067,0.033460403167202286
-26.102634274156845,-0.10225770502393167,-1.1093476503054005,0.2305653579905077,-0.5063712032445866,-0.6884412350651782,-0.40221626138892513,-0.017082527185292365,0.0898804132592677,0.3912710626656151,-0.1014932266671811,-0.2139070466200149,-0.1061986940135176,3594.2541413587364,3.5364180004475784e-05,-22.508897090165227,0.036163617977087226,0.1150398620986856,1.8355175713041116,0.5332657619916549,0.7357607653943985,0.43044823505188773,0.3165995204659082,0.36699813359737554,0.30045755382208905,0.3455117059137491,0.4057465004091367,0.4077215141439142,0.4821463264895549,0.4494750647431656,0.4272402655503422,741.1671239874877,3.681766026601085e-05,6.945060867127049,0.031025905006370067,0.033460403167202286
-24.857758639455984,0.6361983227220283,-0.4918350521541345,0.7937996570101602,-0.703665923461164,-0.07730298377926183,-0.01314517739989317,0.12952243760383583,0.12118751010366913,0.2993765969578944,0.21951340131977784,-0.20629783014718972,-0.12809140126422877,3572.9443979550056,4.746168398770937e-05,-17.66031094953451,0.0418979311558843,0.10466248577703685,1.047362987856965,0.6074900022156132,0.5904237042905799,0.5424622919913017,0.3729703232539622,0.4444916871976585,0.3919472593547632,0.44774109361816383,0.35731530435015046,0.3197576656632089,0.4519615777909967,0.45956368941361825,0.40035928397801085,642.8952428450585,2.4396065482014137e-05,4.059973196189697,0.022510893843337924,0.026293561583004832
-24.857758639455984,0.6361983227220283,-0.4918350521541345,0.7937996570101602,-0.703665923461164,-0.07730298377926183,-0.01314517739989317,0.12952243760383583,0.12118751010366913,0.2993765969578944,0.21951340131977784,-0.20629783014718972,-0.12809140126422877,3572.9443979550056,4.746168398770937e-05,-17.66031094953451,0.0418979311558843,0.10466248577703685,1.047362987856965,0.6074900022156132,0.5904237042905799,0.5424622919913017,0.3729703232539622,0.4444916871976585,0.3919472593547632,0.44774109361816383,0.35731530435015046,0.3197576656632089,0.4519615777909967,0.45956368941361825,0.40035928397801085,642.8952428450585,2.4396065482014137e-05,4.059973196189697,0.022510893843337924,0.026293561583004832
-24.591034561810027,-0.022066841378592283,-0.944087922272905,0.5982220667391125,-0.32822043197526585,-0.2778520903938884,0.0730125112108137,-0.2764739500619835,-0.41243004743283845,0.0469105622843495,-0.2129637204256811,-0.005205730693070914,0.08965020940192445,3426.395380366722,4.481764415947731e-05,-18.15138494043384,0.03735677585694322,0.10217323096580062,1.2134395361823063,0.7610683280244457,0.5404694809461021,0.326765258947733,0.2494236810175858,0.3811171855078673,0.3174777000397077,0.31456767951930203,0.3712350474378185,0.4470694241515347,0.45679703492183477,0.47044135465412773,0.5249380048936472,518.228549959971,2.8567968225273814e-05,4.9968070092518095,0.024502677285387332,0.027662045807112418
-24.591034561810027,-0.022066841378592283,-0.944087922272905,0.5982220667391125,-0.32822043197526585,-0.2778520903938884,0.0730125112108137,-0.2764739500619835,-0.41243004743283845,0.0469105622843495,-0.2129637204256811,-0.005205730693070914,0.08965020940192445,3426.395380366722,4.481764415947731e-05,-18.15138494043384,0.03735677585694322,0.10217323096580062,1.2134395361823063,0.7610683280244457,0.5404694809461021,0.326765258947733,0.2494236810175858,0.3811171855078673,0.3174777000397077,0.31456767951930203,0.3712350474378185,0.4470694241515347,0.45679703492183477,0.47044135465412773,0.5249380048936472,518.228549959971,2.8567968225273814e-05,4.9968070092518095,0.024502677285387332,0.027662045807112418
-25.869663260966156,0.5053481858208284,-0.9242953087510845,0.483496886190268,-0.6959514193939065,0.2227267401012176,-0.30494902788541345,-0.36155717500690426,-0.615839595753275,-0.3428447823473242,0.04706050446883357,0.032371605028380615,0.2757373756634626,3008.6605691906525,5.292148512053387e-05,-18.194977146767258,0.05516071025547681,0.08709329885800472,1.7236756948674083,0.7447403113368669,0.487653699512115,0.588231371392482,0.5339750570394577,0.49859411656053143,0.4301768013916219,0.39528602644479466,0.38691012782425876,0.6470653039280565,0.8146785497354229,0.5983236558783963,0.4843214330982159,683.3524634371261,3.60243690528544e-05,6.746375212803343,0.034105462325375015,0.030414284836513872
-24.97764998719352,0.6416273022324777,-0.9491839461625384,0.6109072227528108,-0.4454027401567686,0.08961503394283467,-0.02460524775274395,-0.19378902418804794,-0.5907344842739923,-0.23349980417857086,-0.13038564860251264,0.0577675493149303,0.27681983796478143,3120.5543056297224,4.820072836158174e-05,-18.496916163822362,0.040910164076995645,0.09361601590703757,1.2587843529260978,0.6164661538375505,0.5880590972747538,0.4502787379440786,0.48154770540901093,0.4117284746210686,0.4176212616066262,0.3763202477828149,0.3530398822196514,0.477289866086369,0.5858710570677833,0.5906755379730346,0.5193988195852459,647.083262343929,3.454718958009299e-05,4.753463165210862,0.02566827787397513,0.025977431837168576
-24.45864046077548,0.1252914453132675,-0.8016239623831866,0.5571813279171779,-0.15568272279755857,-0.2979916391828012,-0.2125144102405652,-0.2667038449175163,-0.4014349380704972,-0.09414343206138326,0.1623069029144575,-0.06159866731315155,0.2800699067981617,3699.871756547559,3.279517779465143e-05,-19.51029569705018,0.03201835885274123,0.11178209475423097,1.3182763166075975,0.6444923903521365,0.5247844005640484,0.3269769923130402,0.2653007832659683,0.42857603029643404,0.38175245170406613,0.38896017539896327,0.3472855757288517,0.28652279229540684,0.30068792323728677,0.3285540652200941,0.2436926393912901,561.7942074829355,2.1154891232322047e-05,3.8304166974314144,0.02556651409637153,0.02463751002818864
-25.869663260966156,0.5053481858208284,-0.9242953087510845,0.483496886190268,-0.6959514193939065,0.2227267401012176,-0.30494902788541345,-0.36155717500690426,-0.615839595753275,-0.3428447823473242,0.04706050446883357,0.032371605028380615,0.2757373756634626,3008.6605691906525,5.292148512053387e-05,-18.194977146767258,0.05516071025547681,0.08709329885800472,1.7236756948674083,0.7447403113368669,0.487653699512115,0.588231371392482,0.5339750570394577,0.49859411656053143,0.4301768013916219,0.39528602644479466,0.38691012782425876,0.6470653039280565,0.8146785497354229,0.5983236558783963,0.4843214330982159,683.3524634371261,3.60243690528544e-05,6.746375212803343,0.034105462325375015,0.030414284836513872
-24.97764998719352,0.6416273022324777,-0.9491839461625384,0.6109072227528108,-0.4454027401567686,0.08961503394283467,-0.02460524775274395,-0.19378902418804794,-0.5907344842739923,-0.23349980417857086,-0.13038564860251264,0.0577675493149303,0.27681983796478143,3120.5543056297224,4.820072836158174e-05,-18.496916163822362,0.040910164076995645,0.09361601590703757,1.2587843529260978,0.6164661538375505,0.5880590972747538,0.4502787379440786,0.48154770540901093,0.4117284746210686,0.4176212616066262,0.3763202477828149,0.3530398822196514,0.477289866086369,0.5858710570677833,0.5906755379730346,0.5193988195852459,647.083262343929,3.454718958009299e-05,4.753463165210862,0.02566827787397513,0.025977431837168576
-24.45864046077548,0.1252914453132675,-0.8016239623831866,0.5571813279171779,-0.15568272279755857,-0.2979916391828012,-0.2125144102405652,-0.2667038449175163,-0.4014349380704972,-0.09414343206138326,0.1623069029144575,-0.06159866731315155,0.2800699067981617,3699.871756547559,3.279517779465143e-05,-19.51029569705018,0.03201835885274123,0.11178209475423097,1.3182763166075975,0.6444923903521365,0.5247844005640484,0.3269769923130402,0.2653007832659683,0.42857603029643404,0.38175245170406613,0.38896017539896327,0.3472855757288517,0.28652279229540684,0.30068792323728677,0.3285540652200941,0.2436926393912901,561.7942074829355,2.1154891232322047e-05,3.8304166974314144,0.02556651409637153,0.02463751002818864
-24.240960841450853,0.31587287561484034,-1.3510186104263961,0.048104749811640396,-0.7168010501799325,0.037011859275961526,-0.07102071685192012,-0.035778167471848206,-0.09589820081634493,-0.23141175618832538,-0.19814437185022088,-0.22823617563800375,-0.25436345938231886,3054.415549196297,5.4403326945133524e-05,-16.450746451259388,0.04266843916453789,0.09298207812139701,1.3962930978328543,0.5527929260136123,0.4220026894967649,0.3846580846739114,0.48414421610356756,0.3716091413495792,0.31585805042926246,0.4664533683395734,0.4542886534218678,0.396416287597036,0.4301177700052586,0.48683603811383397,0.5629832781386338,540.342290921255,2.672691971468708e-05,4.320606424817571,0.025410747528346694,0.02745501421621039
-24.240960841450853,0.31587287561484034,-1.3510186104263961,0.048104749811640396,-0.7168010501799325,0.037011859275961526,-0.07102071685192012,-0.035778167471848206,-0.09589820081634493,-0.23141175618832538,-0.19814437185022088,-0.22823617563800375,-0.25436345938231886,3054.415549196297,5.4403326945133524e-05,-16.450746451259388,0.04266843916453789,0.09298207812139701,1.3962930978328543,0.5527929260136123,0.4220026894967649,0.3846580846739114,0.48414421610356756,0.3716091413495792,0.31585805042926246,0.4664533683395734,0.4542886534218678,0.396416287597036,0.4301177700052586,0.48683603811383397,0.5629832781386338,540.342290921255,2.672691971468708e-05,4.320606424817571,0.025410747528346694,0.02745501421621039
-24.57857627335404,0.23183381829763608,-1.241014340302634,0.07970606366052925,-0.6414654789816983,-0.029583999383060357,-0.26343517851122955,0.044916324146630375,0.02883434328611703,-0.09223298665883731,-0.2950293554619197,-0.39794670797634113,0.13750324372225728,4030.401739676403,4.58241188456153e-05,-18.41817944485964,0.03113021020637422,0.11607449997542878,1.2195473202805762,0.6060591847569391,0.6017280684430815,0.41923593467535497,0.34894170566918575,0.4738300028196617,0.36248956729630816,0.38830223387974666,0.4150012898128419,0.48019566422349824,0.32232540529488013,0.5161648807323427,0.3827178850923174,553.2883354723892,2.70997932929684e-05,3.8604003755998035,0.016229524557074763,0.02328082400872462
-24.57857627335404,0.23183381829763608,-1.241014340302634,0.07970606366052925,-0.6414654789816983,-0.029583999383060357,-0.26343517851122955,0.044916324146630375,0.02883434328611703,-0.09223298665883731,-0.2950293554619197,-0.39794670797634113,0.13750324372225728,4030.401739676403,4.58241188456153e-05,-18.41817944485964,0.03113021020637422,0.11607449997542878,1.2195473202805762,0.6060591847569391,0.6017280684430815,0.41923593467535497,0.34894170566918575,0.4738300028196617,0.36248956729630816,0.38830223387974666,0.4150012898128419,0.48019566422349824,0.32232540529488013,0.5161648807323427,0.3827178850923174,553.2883354723892,2.70997932929684e-05,3.8604003755998035,0.016229524557074763,0.02328082400872462
-25.598823282773594,0.5288313176894681,-1.1086745178788577,-0.06696596894008497,-0.5325337358116771,-0.1568756256145448,-0.2502277478301612,0.20333978942718625,0.058690346393246835,0.07867758314396024,-0.29033854039817847,-0.17694894599567287,0.11817675402086449,3923.234316572541,2.44324877827699e-05,-22.760796132602568,0.031578275470100274,0.10916280142286335,1.2952029050880365,0.5309675254596603,0.624786202529236,0.4404175303565036,0.339539232943349,0.43208628707549446,0.40242350234557234,0.4593815613393435,0.4639406614941738,0.46341994461698205,0.33281171590703773,0.32339263698930476,0.2800084383858848,576.4099168336693,9.51429988262255e-06,2.490699350963374,0.01818235389201009,0.018569808018701214
-25.598823282773594,0.5288313176894681,-1.1086745178788577,-0.06696596894008497,-0.5325337358116771,-0.1568756256145448,-0.2502277478301612,0.20333978942718625,0.058690346393246835,0.07867758314396024,-0.29033854039817847,-0.17694894599567287,0.11817675402086449,3923.234316572541,2.44324877827699e-05,-22.760796132602568,0.031578275470100274,0.10916280142286335,1.2952029050880365,0.5309675254596603,0.624786202529236,0.4404175303565036,0.339539232943349,0.43208628707549446,0.40242350234557234,0.4593815613393435,0.4639406614941738,0.46341994461698205,0.33281171590703773,0.32339263698930476,0.2800084383858848,576.4099168336693,9.51429988262255e-06,2.490699350963374,0.01818235389201009,0.018569808018701214
-25.209963332594537,-0.06963542168389492,-0.27411294387796614,0.057545424521957274,-0.5646782458201708,0.01882795520007101,-0.07582242879147542,-0.11556479928256458,-0.1491804080442952,-0.1662803263776463,-0.07471783807617534,0.22244867238659438,0.4265127507214488,3880.6070380816373,3.2224243595913265e-05,-21.366390831830515,0.02674716199619741,0.1377410343354616,1.3719905909587786,0.6929050963002565,0.4526095397638647,0.464739962244511,0.493660288368297,0.5125834967613199,0.3770486543855085,0.35499016073465506,0.3361776034999358,0.39452321943821855,0.3207124854102365,0.4335921330748264,0.3113895736109866,550.698431278871,1.6153037114795276e-05,4.050723348986871,0.013335841607597746,0.03583215465918793
-25.209963332594537,-0.06963542168389492,-0.27411294387796614,0.057545424521957274,-0.5646782458201708,0.01882795520007101,-0.07582242879147542,-0.11556479928256458,-0.1491804080442952,-0.1662803263776463,-0.07471783807617534,0.22244867238659438,0.4265127507214488,3880.6070380816373,3.2224243595913265e-05,-21.366390831830515,0.02674716199619741,0.1377410343354616,1.3719905909587786,0.6929050963002565,0.4526095397638647,0.464739962244511,0.493660288368297,0.5125834967613199,0.3770486543855085,0.35499016073465506,0.3361776034999358,0.39452321943821855,0.3207124854102365,0.4335921330748264,0.3113895736109866,550.698431278871,1.6153037114795276e-05,4.050723348986871,0.013335841607597746,0.03583215465918793
-24.40101689312872,-0.05044021704867588,-1.0635481440450618,0.3179945916689542,-0.7244349662456745,-0.465934320356568,-0.45751187328421644,-0.3618414714987508,-0.39708619192118877,-0.10335056709683864,-0.06258663665693597,0.09260126585440581,0.09001214453459468,3406.4614425955137,5.984717899246374e-05,-16.206401735531234,0.037991251144649005,0.1073721256383795,1.0099595972073616,0.6442151410985593,0.48144885301727885,0.4606102102886821,0.5170177748831928,0.37371463229949375,0.352527184263492,0.2943477795122316,0.3513312916800992,0.4417211153421191,0.6285025417713128,0.45498888954817984,0.4163036394891603,498.87694547310696,3.92610721692229e-05,4.0093098086792445,0.01798939279215493,0.02505715559413057
-24.40101689312872,-0.05044021704867588,-1.0635481440450618,0.3179945916689542,-0.7244349662456745,-0.465934320356568,-0.45751187328421644,-0.3618414714987508,-0.39708619192118877,-0.10335056709683864,-0.06258663665693597,0.09260126585440581,0.09001214453459468,3406.4614425955137,5.984717899246374e-05,-16.206401735531234,0.037991251144649005,0.1073721256383795,1.0099595972073616,0.6442151410985593,0.48144885301727885,0.4606102102886821,0.5170177748831928,0.37371463229949375,0.352527184263492,0.2943477795122316,0.3513312916800992,0.4417211153421191,0.6285025417713128,0.45498888954817984,0.4163036394891603,498.87694547310696,3.92610721692229e-05,4.0093098086792445,0.01798939279215493,0.02505715559413057
-24.631361061906595,-0.3539509024112825,-0.5904510167342462,0.3612145212850991,-0.4295162386322446,-0.452340244875281,-0.5013570040758315,-0.29125943594062886,-0.38342264078760524,0.041413790428541916,0.02422243326345756,0.06497252049520232,0.17676976398400585,3935.1994973288274,4.155128284445407e-05,-19.366898739989328,0.025543303756668252,0.13831789125906774,1.4747037581621643,0.5446636108537272,0.4854318502879638,0.402943620174538,0.44084407846638723,0.3442360875481323,0.3138942139206929,0.4567353622451111,0.28333349698427207,0.33801814367143923,0.538622537468993,0.3745598940396177,0.35067837018330567,641.865997345729,2.5946091773216514e-05,4.867836194726835,0.015251718331864915,0.0360529213677149
-24.631361061906595,-0.3539509024112825,-0.5904510167342462,0.3612145212850991,-0.4295162386322446,-0.452340244875281,-0.5013570040758315,-0.29125943594062886,-0.38342264078760524,0.041413790428541916,0.02422243326345756,0.06497252049520232,0.17676976398400585,3935.1994973288274,4.155128284445407e-05,-19.366898739989328,0.025543303756668252,0.13831789125906774,1.4747037581621643,0.5446636108537272,0.4854318502879638,0.402943620174538,0.44084407846638723,0.3442360875481323,0.3138942139206929,0.4567353622451111,0.28333349698427207,0.33801814367143923,0.538622537468993,0.3745598940396177,0.35067837018330567,641.865997345729,2.5946091773216514e-05,4.867836194726835,0.015251718331864915,0.0360529213677149
-25.088721476292303,0.09333435598456324,-0.9434980037203007,0.5652515052744287,-0.4650256216230371,-0.5343811553974899,-0.36581460251200393,-0.27681240346518693,-0.29275450623878346,-0.14279884751705166,-0.07130533207941563,0.04094234470042603,0.16957375663793442,3554.1223635551,3.935693749949037e-05,-19.783952666668743,0.034711165658056126,0.11625708313014814,1.4175441028909463,0.5313219044588042,0.5913083886549771,0.3637993007029747,0.30961601460372407,0.3268277721416092,0.31386478356609476,0.35792236860914334,0.3244131816086296,0.372186372923031,0.5401395677082975,0.3777642160840727,0.29461821405196115,607.4543337449544,2.7887827019396205e-05,5.023413785583304,0.01841715121732748,0.022753751280658888
-25.088721476292303,0.09333435598456324,-0.9434980037203007,0.5652515052744287,-0.4650256216230371,-0.5343811553974899,-0.36581460251200393,-0.27681240346518693,-0.29275450623878346,-0.14279884751705166,-0.07130533207941563,0.04094234470042603,0.16957375663793442,3554.1223635551,3.935693749949037e-05,-19.783952666668743,0.034711165658056126,0.11625708313014814,1.4175441028909463,0.5313219044588042,0.5913083886549771,0.3637993007029747,0.30961601460372407,0.3268277721416092,0.31386478356609476,0.35792236860914334,0.3244131816086296,0.372186372923031,0.5401395677082975,0.3777642160840727,0.29461821405196115,607.4543337449544,2.7887827019396205e-05,5.023413785583304,0.01841715121732748,0.022753751280658888
-27.518922984214623,1.3970105778228528,-0.09004251614996726,0.272463281180398,-0.46926639586169483,0.40226827629788553,-0.355741056968183,-0.03164678549388374,-0.11590205759348432,-0.0531829505764814,-0.23575908588340802,0.012360520738849745,-0.09629972304817781,2557.5395877038873,4.8345145971553996e-05,-24.595342931969185,0.04341206890106377,0.08774821669558512,5.4745807368534525,1.5771990921222998,0.9311618850697487,0.8666932046648594,0.5943676904288431,0.6189285265830573,0.5256469231939422,0.4111454947135126,0.47380630089640713,0.4871877621148699,0.5102258406269409,0.47933990768168233,0.4648214882607064,1032.152076051408,4.548886286542437e-05,13.91618279494485,0.036027304063164754,0.05531490577896601
-27.518922984214623,1.3970105778228528,-0.09004251614996726,0.272463281180398,-0.46926639586169483,0.40226827629788553,-0.355741056968183,-0.03164678549388374,-0.11590205759348432,-0.0531829505764814,-0.23575908588340802,0.012360520738849745,-0.09629972304817781,2557.5395877038873,4.8345145971553996e-05,-24.595342931969185,0.04341206890106377,0.08774821669558512,5.4745807368534525,1.5771990921222998,0.9311618850697487,0.8666932046648594,0.5943676904288431,0.6189285265830573,0.5256469231939422,0.4111454947135126,0.47380630089640713,0.4871877621148699,0.5102258406269409,0.47933990768168233,0.4648214882607064,1032.152076051408,4.548886286542437e-05,13.91618279494485,0.036027304063164754,0.05531490577896601
-26.677825801749425,1.5372984986991294,-0.5766013829420921,0.2180213413367763,-0.2281264823881086,-0.056747018771782155,-0.16842148176222355,-0.13722997531350417,-0.22111877073194985,0.09188973918786526,0.2461186032846369,-0.06980473445403239,-0.0066041803924570715,2804.5518141400144,3.802514476983672e-05,-21.729253676263962,0.06608931134192678,0.0632561796648484,1.934009607388618,0.7351593262386855,0.5694912177671057,0.7252805514093864,0.46538568678842507,0.5367259952047495,0.3443997902122767,0.30070010034193134,0.40401558417561667,0.3650832212161598,0.34990256677405995,0.4665623882905845,0.4391982491944217,635.6367089995888,3.477898680487327e-05,7.221792556704446,0.04134980369946203,0.02692039958561765
-26.677825801749425,1.5372984986991294,-0.5766013829420921,0.2180213413367763,-0.2281264823881086,-0.056747018771782155,-0.16842148176222355,-0.13722997531350417,-0.22111877073194985,0.09188973918786526,0.2461186032846369,-0.06980473445403239,-0.0066041803924570715,2804.5518141400144,3.802514476983672e-05,-21.729253676263962,0.06608931134192678,0.0632561796648484,1.934009607388618,0.7351593262386855,0.5694912177671057,0.7252805514093864,0.46538568678842507,0.5367259952047495,0.3443997902122767,0.30070010034193134,0.40401558417561667,0.3650832212161598,0.34990256677405995,0.4665623882905845,0.4391982491944217,635.6367089995888,3.477898680487327e-05,7.221792556704446,0.04134980369946203,0.02692039958561765
-26.06497547406148,0.38164641391507576,-0.9971070764747113,0.056124447718116754,-0.09221576097595774,-0.07343309095870526,-0.5829850906213039,-0.7908056624436213,-0.30024518656760635,0.07232136975713487,-0.11406365784711284,0.031121380757564456,0.2299471720288906,3341.518225217484,2.124695335201242e-05,-24.733459490602776,0.03130115885172183,0.10057761296151388,2.2721396272767755,0.8685905184380748,0.5963919694714638,0.39343110525922165,0.42186065333189654,0.39744673124663854,0.3247917389803378,0.4421793864242178,0.4716536675580052,0.28581217213266163,0.23604828333749656,0.3146127509339856,0.28769335207123076,785.8305263938084,1.765551306370041e-05,7.2946356574176985,0.021115958420152202,0.03791514530871489
-26.06497547406148,0.38164641391507576,-0.9971070764747113,0.056124447718116754,-0.09221576097595774,-0.07343309095870526,-0.5829850906213039,-0.7908056624436213,-0.30024518656760635,0.07232136975713487,-0.11406365784711284,0.031121380757564456,0.2299471720288906,3341.518225217484,2.124695335201242e-05,-24.733459490602776,0.03130115885172183,0.10057761296151388,2.2721396272767755,0.8685905184380748,0.5963919694714638,0.39343110525922165,0.42186065333189654,0.39744673124663854,0.3247917389803378,0.4421793864242178,0.4716536675580052,0.28581217213266163,0.23604828333749656,0.3146127509339856,0.28769335207123076,785.8305263938084,1.765551306370041e-05,7.2946356574176985,0.021115958420152202,0.03791514530871489
-26.215701858516233,1.349963822419548,-1.3470985561107236,0.29889079253293227,-0.7684103244577484,0.4142970706346672,-0.40484815338389113,-0.2099631532100108,0.20422291687120386,-0.1681769109681753,0.020326382723558634,-0.1280678271847352,0.08857017523889492,2548.0659261488263,3.815403000774733e-05,-21.125488551741075,0.052238314556055265,0.07665884167432155,1.4610144214482663,0.6186750845532121,0.4738598821382523,0.4552098887727064,0.3820035243883791,0.4354893258907271,0.3815459829576501,0.35550401480372,0.45338642306887467,0.4448578468231841,0.43714214344537444,0.44882493514946836,0.4065393662409164,559.5460163438387,3.260058643788333e-05,6.222561353458591,0.030402643055891857,0.020698403203567136
-27.03104732381766,0.8917211035819235,-0.7390090044523326,0.508580937719966,-0.5012972709837551,0.08194230135203727,-0.3415070346989925,-0.21350185291808868,-0.4814157864428675,-0.13986728456717876,-0.00428433509475913,0.04562569438259933,0.27169454902132817,2972.062414201156,2.3739930519911088e-05,-24.351349668786902,0.04646259035526215,0.08421166037265107,1.42894608199359,0.6800310731227449,0.5527941276953224,0.3981601572096783,0.47324527137285827,0.48809079920642184,0.500928340199826,0.4310410152909009,0.3839074081020606,0.5482134892862104,0.6874061238586198,0.45920071862742157,0.47971912786818083,870.6700483683476,2.0617458370986176e-05,4.6335282449933715,0.025556338799339787,0.02916974909661053
-26.215701858516233,1.349963822419548,-1.3470985561107236,0.29889079253293227,-0.7684103244577484,0.4142970706346672,-0.40484815338389113,-0.2099631532100108,0.20422291687120386,-0.1681769109681753,0.020326382723558634,-0.1280678271847352,0.08857017523889492,2548.0659261488263,3.815403000774733e-05,-21.125488551741075,0.052238314556055265,0.07665884167432155,1.4610144214482663,0.6186750845532121,0.4738598821382523,0.4552098887727064,0.3820035243883791,0.4354893258907271,0.3815459829576501,0.35550401480372,0.45338642306887467,0.4448578468231841,0.43714214344537444,0.44882493514946836,0.4065393662409164,559.5460163438387,3.260058643788333e-05,6.222561353458591,0.030402643055891857,0.020698403203567136
-27.03104732381766,0.8917211035819235,-0.7390090044523326,0.508580937719966,-0.5012972709837551,0.08194230135203727,-0.3415070346989925,-0.21350185291808868,-0.4814157864428675,-0.13986728456717876,-0.00428433509475913,0.04562569438259933,0.27169454902132817,2972.062414201156,2.3739930519911088e-05,-24.351349668786902,0.04646259035526215,0.08421166037265107,1.42894608199359,0.6800310731227449,0.5527941276953224,0.3981601572096783,0.47324527137285827,0.48809079920642184,0.500928340199826,0.4310410152909009,0.3839074081020606,0.5482134892862104,0.6874061238586198,0.45920071862742157,0.47971912786818083,870.6700483683476,2.0617458370986176e-05,4.6335282449933715,0.025556338799339787,0.02916974909661053
-23.415850427375524,1.5946990246351254,-2.0158612076375544,0.49609496921050505,-0.4262628943525214,-0.39151730781937,0.23824636752648978,0.2316416651059025,-0.2566916433721958,-0.055941411567218574,0.11561762652954234,0.1410985714036405,0.13368664012858444,2194.146123509073,0.00010243947111384527,-10.59164442936539,0.055913750457544036,0.07677867368269845,1.2022186439060287,0.8962372151921433,0.6433030621096772,0.6062935864487785,0.4100041137182215,0.534739588592105,0.4048975050738005,0.4171205958127963,0.32292444448338636,0.3623087508377018,0.30780251502496153,0.3672649457140069,0.4220904541782515,456.7354907173374,4.2709764710511345e-05,2.7563008954197836,0.027167089489854634,0.0197532538080482
-23.415850427375524,1.5946990246351254,-2.0158612076375544,0.49609496921050505,-0.4262628943525214,-0.39151730781937,0.23824636752648978,0.2316416651059025,-0.2566916433721958,-0.055941411567218574,0.11561762652954234,0.1410985714036405,0.13368664012858444,2194.146123509073,0.00010243947111384527,-10.59164442936539,0.055913750457544036,0.07677867368269845,1.2022186439060287,0.8962372151921433,0.6433030621096772,0.6062935864487785,0.4100041137182215,0.534739588592105,0.4048975050738005,0.4171205958127963,0.32292444448338636,0.3623087508377018,0.30780251502496153,0.3672649457140069,0.4220904541782515,456.7354907173374,4.2709764710511345e-05,2.7563008954197836,0.027167089489854634,0.0197532538080482
-26.052940800209257,1.5088252172205936,-1.526695057504017,0.1410859696341729,-0.14542627475722764,-0.2597289120927829,-0.45914746081273644,-0.030940709977038353,-0.06985148622613313,-0.16928838968616305,-0.36455884261153,-0.08763509860742501,-0.06973036982282749,2527.982500275683,4.203065843610939e-05,-19.92480405976034,0.05564450444608578,0.0729243924290364,1.4488622485547422,0.6011993549119802,0.5779491590861624,0.46270828942988906,0.4645688492227777,0.4170432078026308,0.2999056185843177,0.41292923596700515,0.3658497115077583,0.4445520392910808,0.5306898434963327,0.4713844819528352,0.4619492287116425,492.77223195011396,3.394076329247698e-05,5.831089539903702,0.030800313414564993,0.014670393255098115
-26.052940800209257,1.5088252172205936,-1.526695057504017,0.1410859696341729,-0.14542627475722764,-0.2597289120927829,-0.45914746081273644,-0.030940709977038353,-0.06985148622613313,-0.16928838968616305,-0.36455884261153,-0.08763509860742501,-0.06973036982282749,2527.982500275683,4.203065843610939e-05,-19.92480405976034,0.05564450444608578,0.0729243924290364,1.4488622485547422,0.6011993549119802,0.5779491590861624,0.46270828942988906,0.4645688492227777,0.4170432078026308,0.2999056185843177,0.41292923596700515,0.3658497115077583,0.4445520392910808,0.5306898434963327,0.4713844819528352,0.4619492287116425,492.77223195011396,3.394076329247698e-05,5.831089539903702,0.030800313414564993,0.014670393255098115
-24.259821562206223,0.4234530095769948,-1.269492813268669,-0.09588869929186851,-0.25336419287642603,0.9120547429378959,-0.3373396548065768,0.11896691778807907,0.1190105922615654,-0.031979339850429715,-0.045377371459469046,-0.16572024912737446,0.1569913406901846,3112.4028393070967,7.19176653333767e-05,-13.95795230253775,0.06043064483078794,0.08572260213127086,1.0786842799846397,0.4998620852364057,0.4733983299732873,0.3867749822923393,0.5102546409977158,0.506471351715596,0.27794942599417855,0.36083961330278447,0.3983445546284076,0.43319998414935,0.5869898225535571,0.5004487057449984,0.3986534349054311,484.6991612507505,4.452971937691758e-05,5.66342233725555,0.03064178431474081,0.029397813398881863
-24.645733699170197,0.3388014127225832,-0.7237814174115177,0.2433061270560156,-0.5601299873427731,0.49991376314164865,-0.47106710306828786,0.12331928803907179,0.0361647276995437,0.13265421648976825,-0.20688890619053957,-0.10792772644793279,0.19276838532998555,3658.029341458153,4.685056226277146e-05,-18.562605916160322,0.0332164841990806,0.13251038607075757,1.1428529958497797,0.7606132286144347,0.49738525313585674,0.542266400146326,0.4671116179297179,0.5229279571207086,0.29104414197448547,0.5306186618567068,0.38986129953848353,0.44370907823262756,0.4914801332988875,0.4079360651681238,0.3118575024323599,735.2693973112779,3.539744372065932e-05,5.068135934615535,0.02122506639927217,0.036468731172008904
-24.02533762711756,0.37102495276051867,-0.9592665855109239,0.15315811480850974,-0.5802037420964704,0.7645852972615105,-0.4471053508730971,0.1242745042485655,0.004468555337079769,0.06987424253197583,-0.1257555165317666,-0.1325288995880681,0.31107690403953797,3467.1065668950337,6.538457223857302e-05,-15.573768697634149,0.03839309492320727,0.11697380706668634,0.9529569131284283,0.6945391934117142,0.5567156379515127,0.5257789632398018,0.4670939895245762,0.539152570642947,0.2945184731978573,0.38219827999179384,0.3679437758444783,0.3880604207810687,0.43955538092485447,0.40129338726197566,0.3207973157450252,696.625201789247,4.2397900055572066e-05,5.092764416049938,0.02212947212726569,0.036756048551969546
-24.259821562206223,0.4234530095769948,-1.269492813268669,-0.09588869929186851,-0.25336419287642603,0.9120547429378959,-0.3373396548065768,0.11896691778807907,0.1190105922615654,-0.031979339850429715,-0.045377371459469046,-0.16572024912737446,0.1569913406901846,3112.4028393070967,7.19176653333767e-05,-13.95795230253775,0.06043064483078794,0.08572260213127086,1.0786842799846397,0.4998620852364057,0.4733983299732873,0.3867749822923393,0.5102546409977158,0.506471351715596,0.27794942599417855,0.36083961330278447,0.3983445546284076,0.43319998414935,0.5869898225535571,0.5004487057449984,0.3986534349054311,484.6991612507505,4.452971937691758e-05,5.66342233725555,0.03064178431474081,0.029397813398881863
-24.645733699170197,0.3388014127225832,-0.7237814174115177,0.2433061270560156,-0.5601299873427731,0.49991376314164865,-0.47106710306828786,0.12331928803907179,0.0361647276995437,0.13265421648976825,-0.20688890619053957,-0.10792772644793279,0.19276838532998555,3658.029341458153,4.685056226277146e-05,-18.562605916160322,0.0332164841990806,0.13251038607075757,1.1428529958497797,0.7606132286144347,0.49738525313585674,0.542266400146326,0.4671116179297179,0.5229279571207086,0.29104414197448547,0.5306186618567068,0.38986129953848353,0.44370907823262756,0.4914801332988875,0.4079360651681238,0.3118575024323599,735.2693973112779,3.539744372065932e-05,5.068135934615535,0.02122506639927217,0.036468731172008904
-24.02533762711756,0.37102495276051867,-0.9592665855109239,0.15315811480850974,-0.5802037420964704,0.7645852972615105,-0.4471053508730971,0.1242745042485655,0.004468555337079769,0.06987424253197583,-0.1257555165317666,-0.1325288995880681,0.31107690403953797,3467.1065668950337,6.538457223857302e-05,-15.573768697634149,0.03839309492320727,0.11697380706668634,0.9529569131284283,0.6945391934117142,0.5567156379515127,0.5257789632398018,0.4670939895245762,0.539152570642947,0.2945184731978573,0.38219827999179384,0.3679437758444783,0.3880604207810687,0.43955538092485447,0.40129338726197566,0.3207973157450252,696.625201789247,4.2397900055572066e-05,5.092764416049938,0.02212947212726569,0.036756048551969546
-27.009593702100204,0.6985945484170836,-0.7936808322849244,0.5788617605690791,-0.2634593018490359,-0.0036561948638635946,-0.004791173655763006,0.043951886614925786,-0.11366009527235064,0.17515632138329462,-0.1394143058703764,-0.30324368687309533,-0.2617427075574122,3048.346021161134,2.8906612982306445e-05,-22.57378908904271,0.06306100866774716,0.0861671524210224,1.6758220698379724,0.7293567234484349,0.45010255307010966,0.4697238545610253,0.401938778807345,0.40817194052826367,0.32010348311060877,0.5091766972424278,0.3109998316966744,0.41456496065211257,0.673798077247226,0.5242777229661437,0.47071376202479487,540.2065010768715,2.2547469010144723e-05,6.937601486925088,0.037487965272289744,0.028523682073533046
-27.009593702100204,0.6985945484170836,-0.7936808322849244,0.5788617605690791,-0.2634593018490359,-0.0036561948638635946,-0.004791173655763006,0.043951886614925786,-0.11366009527235064,0.17515632138329462,-0.1394143058703764,-0.30324368687309533,-0.2617427075574122,3048.346021161134,2.8906612982306445e-05,-22.57378908904271,0.06306100866774716,0.0861671524210224,1.6758220698379724,0.7293567234484349,0.45010255307010966,0.4697238545610253,0.401938778807345,0.40817194052826367,0.32010348311060877,0.5091766972424278,0.3109998316966744,0.41456496065211257,0.673798077247226,0.5242777229661437,0.47071376202479487,540.2065010768715,2.2547469010144723e-05,6.937601486925088,0.037487965272289744,0.028523682073533046
-24.21990127293988,0.25036603197175966,-0.8554851150270942,0.5487115970243094,-0.35668874203457523,-0.45030518139426545,-0.18067113397568135,-0.4446597132853167,-0.6584295838822515,-0.015087993151028666,-0.03697912012869291,0.1420836605024135,0.34247902497174587,3392.9563035533083,5.374386945486066e-05,-16.868421009316023,0.03983377526387958,0.09219995690583925,1.4116156440818717,0.7178577360490992,0.6020932743692491,0.3643611980071156,0.37371290726096856,0.45633052007216773,0.34068223369753003,0.35505465026841687,0.42605427977992155,0.5183299695467206,0.5497073784984774,0.4496253909409722,0.3802103197621804,659.5681999485379,3.537024679444594e-05,5.350456975248008,0.025096391461187757,0.030042293278834148
-24.388876247585653,0.04088460178620754,-0.9625841533144182,0.5549620151718441,-0.32726947321798217,-0.15590239902368647,-0.009042804102938787,-0.4443079871662281,-0.5335533266435827,0.05213034736997237,-0.052519561738070084,-0.009354071141220091,0.16522064943068696,3479.739267555392,5.596135696556679e-05,-17.053505497267754,0.036688689433994184,0.10284912885532078,1.1896695319528654,0.6390429795950532,0.5858035347624719,0.3995945695880523,0.4108706085548282,0.4482779803165148,0.37456745686251003,0.3895501269479495,0.3932898341600119,0.47963805864512304,0.6144429211118735,0.5689989001629695,0.4267796424798922,743.6828301521282,3.6747625374895165e-05,4.923670182952726,0.022000996799231367,0.03166791316531479
-24.21990127293988,0.25036603197175966,-0.8554851150270942,0.5487115970243094,-0.35668874203457523,-0.45030518139426545,-0.18067113397568135,-0.4446597132853167,-0.6584295838822515,-0.015087993151028666,-0.03697912012869291,0.1420836605024135,0.34247902497174587,3392.9563035533083,5.374386945486066e-05,-16.868421009316023,0.03983377526387958,0.09219995690583925,1.4116156440818717,0.7178577360490992,0.6020932743692491,0.3643611980071156,0.37371290726096856,0.45633052007216773,0.34068223369753003,0.35505465026841687,0.42605427977992155,0.5183299695467206,0.5497073784984774,0.4496253909409722,0.3802103197621804,659.5681999485379,3.537024679444594e-05,5.350456975248008,0.025096391461187757,0.030042293278834148
-24.388876247585653,0.04088460178620754,-0.9625841533144182,0.5549620151718441,-0.32726947321798217,-0.15590239902368647,-0.009042804102938787,-0.4443079871662281,-0.5335533266435827,0.05213034736997237,-0.052519561738070084,-0.009354071141220091,0.16522064943068696,3479.739267555392,5.596135696556679e-05,-17.053505497267754,0.036688689433994184,0.10284912885532078,1.1896695319528654,0.6390429795950532,0.5858035347624719,0.3995945695880523,0.4108706085548282,0.4482779803165148,0.37456745686251003,0.3895501269479495,0.3932898341600119,0.47963805864512304,0.6144429211118735,0.5689989001629695,0.4267796424798922,743.6828301521282,3.6747625374895165e-05,4.923670182952726,0.022000996799231367,0.03166791316531479
-26.39808506141315,0.8248245275226325,-0.5869084510040277,0.4751913579892696,-0.17352094769305665,-0.031717017316925854,-0.16486364606989645,-0.3972758967893315,-0.5596410965954771,0.01622253756699745,0.19715314001425838,0.1515127566424581,0.2324150546766305,3320.486216762186,2.6314851291629626e-05,-25.043888655167958,0.03749114929839771,0.09413768206337865,2.6163887034981874,0.5606525005683533,0.37968073281070464,0.30258969536606906,0.37812410653718864,0.45467842602418385,0.3280573683341437,0.31643836514342355,0.2385593656584527,0.3409146055035429,0.5294633893757559,0.37555851343662267,0.3407585125653526,695.2460992031993,3.316452268670413e-05,8.391776107622059,0.028733903833165833,0.027616577375697643
-26.39808506141315,0.8248245275226325,-0.5869084510040277,0.4751913579892696,-0.17352094769305665,-0.031717017316925854,-0.16486364606989645,-0.3972758967893315,-0.5596410965954771,0.01622253756699745,0.19715314001425838,0.1515127566424581,0.2324150546766305,3320.486216762186,2.6314851291629626e-05,-25.043888655167958,0.03749114929839771,0.09413768206337865,2.6163887034981874,0.5606525005683533,0.37968073281070464,0.30258969536606906,0.37812410653718864,0.45467842602418385,0.3280573683341437,0.31643836514342355,0.2385593656584527,0.3409146055035429,0.5294633893757559,0.37555851343662267,0.3407585125653526,695.2460992031993,3.316452268670413e-05,8.391776107622059,0.028733903833165833,0.027616577375697643
-24.193017582865927,0.5588742397504478,-1.480518257098808,0.13732423446970007,-0.48113845152262014,0.18984211529591147,-0.1426030835491258,-0.13984124621322996,-0.10047033507370808,-0.055653232915450296,0.11626056696456694,0.019386814551844572,-0.07614783925809313,2802.9764096122644,4.912821251415885e-05,-16.760359164782653,0.04051767242390925,0.0820074318526331,0.992477070935692,0.5711729306805958,0.38146828134853267,0.3628610355478834,0.3514498724470109,0.3517793047671379,0.249038526050208,0.37904435675330594,0.44583491492643135,0.3201354901301311,0.43589392594600473,0.5027539754729842,0.44463651747128685,397.7034351723409,2.160292466247286e-05,3.171766381717424,0.016260883517361265,0.017562404449067502
-24.279309596039116,0.4747599780429559,-1.2388247371847183,0.20189002733458147,-0.585254000000051,0.080503246197048,-0.020238907588515036,0.0731906667652414,0.05911508149469879,0.12970163609594343,0.16143332585157483,-0.2943326343551332,-0.418055424772808,2946.941150586158,5.0276346177898614e-05,-17.302894019693777,0.039185778442109145,0.0839285241762022,1.3198685686323235,0.6665002651000814,0.4252505037642431,0.32721745716309136,0.2909795775342483,0.45137752237602663,0.267864166176526,0.3386406322718556,0.32131332433352905,0.3117137294377733,0.4522062307759536,0.4041445025537622,0.42178784345313647,497.657910766958,2.506045638597955e-05,4.867358169880126,0.0173066091113947,0.023328830538660097
-25.12823422586857,0.8447060206394658,-1.3873218051101108,0.18192253301421873,-0.725600242714087,0.1640057591736381,-0.1529783526289404,-0.3180254622246394,-0.046795721586526194,-0.11144822989207434,0.1726510089538991,-0.004481038513721316,-0.0727207525888567,2955.0868224434603,3.9760867922876024e-05,-19.075981969030995,0.04325640867350009,0.08682792955238776,1.1349379495009753,0.6758313412106156,0.46946767796971905,0.45518525408082167,0.44683331369016277,0.4414993642022625,0.26939063947112407,0.3585665699944443,0.45075851887639046,0.3557771291042249,0.4133686974913799,0.4645354879277415,0.3820528715150189,817.0829031003592,1.96810440420286e-05,4.029475871105204,0.023026968852641168,0.031515895129894736
-24.193017582865927,0.5588742397504478,-1.480518257098808,0.13732423446970007,-0.48113845152262014,0.18984211529591147,-0.1426030835491258,-0.13984124621322996,-0.10047033507370808,-0.055653232915450296,0.11626056696456694,0.019386814551844572,-0.07614783925809313,2802.9764096122644,4.912821251415885e-05,-16.760359164782653,0.04051767242390925,0.0820074318526331,0.992477070935692,0.5711729306805958,0.38146828134853267,0.3628610355478834,0.3514498724470109,0.3517793047671379,0.249038526050208,0.37904435675330594,0.44583491492643135,0.3201354901301311,0.43589392594600473,0.5027539754729842,0.44463651747128685,397.7034351723409,2.160292466247286e-05,3.171766381717424,0.016260883517361265,0.017562404449067502
-24.279309596039116,0.4747599780429559,-1.2388247371847183,0.20189002733458147,-0.585254000000051,0.080503246197048,-0.020238907588515036,0.0731906667652414,0.05911508149469879,0.12970163609594343,0.16143332585157483,-0.2943326343551332,-0.418055424772808,2946.941150586158,5.0276346177898614e-05,-17.302894019693777,0.039185778442109145,0.0839285241762022,1.3198685686323235,0.6665002651000814,0.4252505037642431,0.32721745716309136,0.2909795775342483,0.45137752237602663,0.267864166176526,0.3386406322718556,0.32131332433352905,0.3117137294377733,0.4522062307759536,0.4041445025537622,0.42178784345313647,497.657910766958,2.506045638597955e-05,4.867358169880126,0.0173066091113947,0.023328830538660097
-25.12823422586857,0.8447060206394658,-1.3873218051101108,0.18192253301421873,-0.725600242714087,0.1640057591736381,-0.1529783526289404,-0.3180254622246394,-0.046795721586526194,-0.11144822989207434,0.1726510089538991,-0.004481038513721316,-0.0727207525888567,2955.0868224434603,3.9760867922876024e-05,-19.075981969030995,0.04325640867350009,0.08682792955238776,1.1349379495009753,0.6758313412106156,0.46946767796971905,0.45518525408082167,0.44683331369016277,0.4414993642022625,0.26939063947112407,0.3585665699944443,0.45075851887639046,0.3557771291042249,0.4133686974913799,0.4645354879277415,0.3820528715150189,817.0829031003592,1.96810440420286e-05,4.029475871105204,0.023026968852641168,0.031515895129894736
-26.352371513794388,0.44145476193775435,-0.595479230811839,0.2552663757248713,-0.39884657126356654,-0.05000809067375815,-0.04895200148356171,-0.15934654219066036,-0.265437721209571,-0.05024619251992365,0.11411454990587495,0.0850121201214352,0.19333201171877065,3371.3178262631013,2.6934897194148934e-05,-23.29036834456753,0.046310469226777666,0.10168936670484656,1.4560093536331042,0.7156704923693008,0.4651084712761934,0.5520571030393794,0.4124362325911421,0.38460408750657654,0.41463039346685177,0.3404774528499251,0.3639240653966279,0.32785192758896786,0.2991038117718114,0.39726862555472486,0.4157635980262625,680.4049001912691,2.0150741299017727e-05,6.255447423210582,0.03778132265408714,0.03853999895297018
-25.74637144976796,0.3258918164879749,-0.5828207931877909,0.5027008694077029,-0.18328692314728448,-0.39137170315443615,-0.2533390889088365,-0.1412660653107259,-0.2967398425287737,-0.05173271380048072,0.14258636098528427,-0.00760014827901568,-0.05457071036539923,3491.74047259241,2.983323874579223e-05,-21.919890997662772,0.03947097683089815,0.10548127483112002,1.5920225354412323,0.7242562760776728,0.4417728702552457,0.5004442605236794,0.31640033104007276,0.3164502638093606,0.3161428380814095,0.3801470812614019,0.3866692468509249,0.35279504791570815,0.33888706864780854,0.43587112761442376,0.4295879668921437,727.1382724567457,2.097661955236898e-05,5.311787085856152,0.027018233189848494,0.03663795351217175
-26.17653512558156,0.4885465159099306,-0.47568217235022536,0.574082632104008,-0.32647615847493366,0.006354253945858844,-0.20598237731607613,-0.041696104956544876,-0.23167805242621087,0.0551759691132905,0.010347881592401968,-0.07458604478244886,0.1505317515037643,3500.7039926118864,3.090622129753634e-05,-23.302201341559808,0.03746317185122433,0.12101029345611389,1.5681273129123694,0.7917716104087392,0.5290295620408866,0.5110054581348746,0.3425459032612741,0.38556589151012133,0.3837713825687306,0.34346005751526093,0.3089577700476405,0.3332334563658708,0.34495169366298434,0.34028535888246203,0.2545812932499478,696.4603571854093,2.706631758986995e-05,6.064176800549919,0.02320812313185197,0.03885813878600982
-26.119983453256502,0.8734696627057353,-0.6596279763475419,0.2768475220495178,-0.4024467346503888,0.13196830147540045,-0.07710112755176152,-0.055110715411180795,-0.25937695427927415,-0.11319953408343647,0.0073187023305932505,-0.0796071585104117,-0.02774556901573618,3363.0062584059024,2.8682934512257814e-05,-23.55141980338624,0.03736109724043644,0.10822985064471131,1.329719971276955,0.6385411581087901,0.5223265002307166,0.6173375328951989,0.38754183180832197,0.4400669954657165,0.40649365071899907,0.34957130380698836,0.28072589292655015,0.27485692928073446,0.3178743108514934,0.2995309300680761,0.31029195809049565,653.6056157741576,2.0472696315337522e-05,5.064698210317751,0.024230899045105593,0.03581488699959764
-24.66244789976148,0.4898872803408583,-0.4645868547083698,0.4391448328912155,-0.23508753292246617,-0.14362282841544702,-0.26625524543745455,-0.43697086591820755,-0.31089170681701256,0.030332489956409577,0.14736752741727058,0.07154242005864155,0.024451076211272415,3627.622927781749,3.691351090827828e-05,-19.82070761865354,0.033855655342805685,0.11291955378642683,1.6125681494056818,0.5853037914227484,0.5043125941422848,0.54160984370864,0.3868490013215473,0.43036773242839266,0.3471769428143593,0.29367741189032254,0.3793109203884251,0.30862712422877425,0.2734339425097815,0.36081312650458314,0.4278656077679227,747.5136188429101,2.2634944956146227e-05,4.5674926185430955,0.02508518798567059,0.02975044357338069
-25.74477721925793,-0.0331524241443386,-0.7657885053558063,0.2817912927505944,-0.20561996225876336,-0.18301871286321386,-0.14778220224831667,-0.19646356666778103,-0.20839719743443164,0.1910729533525001,0.032385013925313955,-0.26888801786577,-0.0885674165847099,3631.841150890767,3.4929432925950044e-05,-21.902189249221955,0.03416044853027063,0.105778775747816,2.4423963222816965,0.8964523638631693,0.5764538959305174,0.5139215771764757,0.3080197208771433,0.3947596669008942,0.4240653316652681,0.30635395265282517,0.35716059770667097,0.4208185334053486,0.42476855260453644,0.5495090086884369,0.46973966780492976,781.3866704803554,2.289622716977239e-05,8.023941497428702,0.022182018857175086,0.03130070328333291
-25.414879183723375,0.10339122162535447,-0.5981396991232009,0.5172134056033715,-0.24266545255598454,-0.3129303035335006,-0.25425478377319455,-0.37460965522852613,-0.34222256819367247,0.07748123492160654,0.053463215795203904,-0.17340741286593564,0.0257157277070523,3570.72402743801,3.0520328617455255e-05,-21.661055682723106,0.033796098672604725,0.10833229378121019,1.7327249594102698,0.6793057544961062,0.5002942359838031,0.4646501435058246,0.3361129235783724,0.38921124375270816,0.401071793926047,0.3342873984458082,0.4184050430454039,0.3913589568286975,0.31653421128973525,0.654475833496699,0.4928834656130922,606.1222899273415,2.2789843791781843e-05,5.886932566499977,0.02445827236111837,0.029989116629575045
-26.352371513794388,0.44145476193775435,-0.595479230811839,0.2552663757248713,-0.39884657126356654,-0.05000809067375815,-0.04895200148356171,-0.15934654219066036,-0.265437721209571,-0.05024619251992365,0.11411454990587495,0.0850121201214352,0.19333201171877065,3371.3178262631013,2.6934897194148934e-05,-23.29036834456753,0.046310469226777666,0.10168936670484656,1.4560093536331042,0.7156704923693008,0.4651084712761934,0.5520571030393794,0.4124362325911421,0.38460408750657654,0.41463039346685177,0.3404774528499251,0.3639240653966279,0.32785192758896786,0.2991038117718114,0.39726862555472486,0.4157635980262625,680.4049001912691,2.0150741299017727e-05,6.255447423210582,0.03778132265408714,0.03853999895297018
-25.74637144976796,0.3258918164879749,-0.5828207931877909,0.5027008694077029,-0.18328692314728448,-0.39137170315443615,-0.2533390889088365,-0.1412660653107259,-0.2967398425287737,-0.05173271380048072,0.14258636098528427,-0.00760014827901568,-0.05457071036539923,3491.74047259241,2.983323874579223e-05,-21.919890997662772,0.03947097683089815,0.10548127483112002,1.5920225354412323,0.7242562760776728,0.4417728702552457,0.5004442605236794,0.31640033104007276,0.3164502638093606,0.3161428380814095,0.3801470812614019,0.3866692468509249,0.35279504791570815,0.33888706864780854,0.43587112761442376,0.4295879668921437,727.1382724567457,2.097661955236898e-05,5.311787085856152,0.027018233189848494,0.03663795351217175
-26.17653512558156,0.4885465159099306,-0.47568217235022536,0.574082632104008,-0.32647615847493366,0.006354253945858844,-0.20598237731607613,-0.041696104956544876,-0.23167805242621087,0.0551759691132905,0.010347881592401968,-0.07458604478244886,0.1505317515037643,3500.7039926118864,3.090622129753634e-05,-23.302201341559808,0.03746317185122433,0.12101029345611389,1.5681273129123694,0.7917716104087392,0.5290295620408866,0.5110054581348746,0.3425459032612741,0.38556589151012133,0.3837713825687306,0.34346005751526093,0.3089577700476405,0.3332334563658708,0.34495169366298434,0.34028535888246203,0.2545812932499478,696.4603571854093,2.706631758986995e-05,6.064176800549919,0.02320812313185197,0.03885813878600982
-26.119983453256502,0.8734696627057353,-0.6596279763475419,0.2768475220495178,-0.4024467346503888,0.13196830147540045,-0.07710112755176152,-0.055110715411180795,-0.25937695427927415,-0.11319953408343647,0.0073187023305932505,-0.0796071585104117,-0.02774556901573618,3363.0062584059024,2.8682934512257814e-05,-23.55141980338624,0.03736109724043644,0.10822985064471131,1.329719971276955,0.6385411581087901,0.5223265002307166,0.6173375328951989,0.38754183180832197,0.4400669954657165,0.40649365071899907,0.34957130380698836,0.28072589292655015,0.27485692928073446,0.3178743108514934,0.2995309300680761,0.31029195809049565,653.6056157741576,2.0472696315337522e-05,5.064698210317751,0.024230899045105593,0.03581488699959764
-24.66244789976148,0.4898872803408583,-0.4645868547083698,0.4391448328912155,-0.23508753292246617,-0.14362282841544702,-0.26625524543745455,-0.43697086591820755,-0.31089170681701256,0.030332489956409577,0.14736752741727058,0.07154242005864155,0.024451076211272415,3627.622927781749,3.691351090827828e-05,-19.82070761865354,0.033855655342805685,0.11291955378642683,1.6125681494056818,0.5853037914227484,0.5043125941422848,0.54160984370864,0.3868490013215473,0.43036773242839266,0.3471769428143593,0.29367741189032254,0.3793109203884251,0.30862712422877425,0.2734339425097815,0.36081312650458314,0.4278656077679227,747.5136188429101,2.2634944956146227e-05,4.5674926185430955,0.02508518798567059,0.02975044357338069
-25.74477721925793,-0.0331524241443386,-0.7657885053558063,0.2817912927505944,-0.20561996225876336,-0.18301871286321386,-0.14778220224831667,-0.19646356666778103,-0.20839719743443164,0.1910729533525001,0.032385013925313955,-0.26888801786577,-0.0885674165847099,3631.841150890767,3.4929432925950044e-05,-21.902189249221955,0.03416044853027063,0.105778775747816,2.4423963222816965,0.8964523638631693,0.5764538959305174,0.5139215771764757,0.3080197208771433,0.3947596669008942,0.4240653316652681,0.30635395265282517,0.35716059770667097,0.4208185334053486,0.42476855260453644,0.5495090086884369,0.46973966780492976,781.3866704803554,2.289622716977239e-05,8.023941497428702,0.022182018857175086,0.03130070328333291
-25.414879183723375,0.10339122162535447,-0.5981396991232009,0.5172134056033715,-0.24266545255598454,-0.3129303035335006,-0.25425478377319455,-0.37460965522852613,-0.34222256819367247,0.07748123492160654,0.053463215795203904,-0.17340741286593564,0.0257157277070523,3570.72402743801,3.0520328617455255e-05,-21.661055682723106,0.033796098672604725,0.10833229378121019,1.7327249594102698,0.6793057544961062,0.5002942359838031,0.4646501435058246,0.3361129235783724,0.38921124375270816,0.401071793926047,0.3342873984458082,0.4184050430454039,0.3913589568286975,0.31653421128973525,0.654475833496699,0.4928834656130922,606.1222899273415,2.2789843791781843e-05,5.886932566499977,0.02445827236111837,0.029989116629575045
-25.989792806225804,1.210328654137896,-0.3817055313326655,0.16010332327706253,-0.1289088536882941,-0.06288315117556093,-0.15011868060675412,-0.07523884537558723,-0.18158004559691923,-0.00903935846758419,-0.008262070457404897,-0.05892443934271629,-0.21892669600842185,2761.562178674237,2.7320603005002308e-05,-21.40793794553267,0.05496672725407975,0.07328993675742902,1.6804077108930437,0.7459035749702362,0.5039778584634586,0.4243484969665577,0.3063747113870176,0.35562212139534577,0.33949396172148777,0.36464909524503847,0.3502404360375908,0.3586993688963498,0.5249121933340841,0.565434951251026,0.48655658205587393,694.068631023525,1.8176110512157886e-05,5.440329252561875,0.029098413754985033,0.02484277775623396
-25.989792806225804,1.210328654137896,-0.3817055313326655,0.16010332327706253,-0.1289088536882941,-0.06288315117556093,-0.15011868060675412,-0.07523884537558723,-0.18158004559691923,-0.00903935846758419,-0.008262070457404897,-0.05892443934271629,-0.21892669600842185,2761.562178674237,2.7320603005002308e-05,-21.40793794553267,0.05496672725407975,0.07328993675742902,1.6804077108930437,0.7459035749702362,0.5039778584634586,0.4243484969665577,0.3063747113870176,0.35562212139534577,0.33949396172148777,0.36464909524503847,0.3502404360375908,0.3586993688963498,0.5249121933340841,0.565434951251026,0.48655658205587393,694.068631023525,1.8176110512157886e-05,5.440329252561875,0.029098413754985033,0.02484277775623396
-29.554337211347725,1.0520284889526141,0.27142240237273285,0.3722629555957169,-0.14005823483101565,0.47976147396397595,0.39768903694161817,-0.3071927798233272,-0.06487450953261967,-0.020701589101296193,-0.0060285838181210576,0.16111927882735771,0.025791756711953075,3174.8376178189214,1.4358100859631313e-05,-30.593053429302067,0.05302607408827092,0.085885528300389,2.7819733316058524,1.5321110381336536,0.9563740237123003,0.7836600693769167,0.7900602486052898,0.6106798780578029,0.6586339862554936,0.3762453139892516,0.4187643886118689,0.37181663030049417,0.3312704275245462,0.33108782313882335,0.3305967760219304,1293.397311334474,1.5004760026500108e-05,8.053334461183724,0.04194409077019158,0.06700696085241993
-29.554337211347725,1.0520284889526141,0.27142240237273285,0.3722629555957169,-0.14005823483101565,0.47976147396397595,0.39768903694161817,-0.3071927798233272,-0.06487450953261967,-0.020701589101296193,-0.0060285838181210576,0.16111927882735771,0.025791756711953075,3174.8376178189214,1.4358100859631313e-05,-30.593053429302067,0.05302607408827092,0.085885528300389,2.7819733316058524,1.5321110381336536,0.9563740237123003,0.7836600693769167,0.7900602486052898,0.6106798780578029,0.6586339862554936,0.3762453139892516,0.4187643886118689,0.37181663030049417,0.3312704275245462,0.33108782313882335,0.3305967760219304,1293.397311334474,1.5004760026500108e-05,8.053334461183724,0.04194409077019158,0.06700696085241993
-23.449928618579335,1.3616447534465659,-0.6319623669177604,0.526547550944964,-0.11418828634222422,0.22192221559765452,-0.23072510948071126,0.30420838807593026,0.03447141102078042,-0.014376678711723441,0.3346570899727538,0.3998187710008128,0.23342394959801893,2586.201121087107,5.1690735577306885e-05,-15.932003222526397,0.03944291867382841,0.08231948649905306,1.2045235196165323,0.5069415146824192,0.40300552903585074,0.3239644432593319,0.3787144486276823,0.2916343877131805,0.3407780565580423,0.3571877851570154,0.3175468248612845,0.326996320832164,0.33201120285665864,0.3645216886750607,0.2942218197331465,357.7723076322491,1.9198700892461685e-05,3.1709646716204314,0.017264552666542546,0.017107101014960803
-23.449928618579335,1.3616447534465659,-0.6319623669177604,0.526547550944964,-0.11418828634222422,0.22192221559765452,-0.23072510948071126,0.30420838807593026,0.03447141102078042,-0.014376678711723441,0.3346570899727538,0.3998187710008128,0.23342394959801893,2586.201121087107,5.1690735577306885e-05,-15.932003222526397,0.03944291867382841,0.08231948649905306,1.2045235196165323,0.5069415146824192,0.40300552903585074,0.3239644432593319,0.3787144486276823,0.2916343877131805,0.3407780565580423,0.3571877851570154,0.3175468248612845,0.326996320832164,0.33201120285665864,0.3645216886750607,0.2942218197331465,357.7723076322491,1.9198700892461685e-05,3.1709646716204314,0.017264552666542546,0.017107101014960803
-24.38115829057965,-0.3555226801156306,-0.6724159663314532,0.3119258791793033,-0.5386728311924056,-0.4449385077216659,-0.4764862622390549,-0.406634920505929,-0.5549078804813122,-0.13571883336738863,-0.03759680260819458,0.08098356587370331,0.26542259244106364,3806.9606121712645,5.162459845291412e-05,-17.21545637658633,0.03251091537314569,0.13034395944612664,1.0039142280879263,0.5076778481762594,0.5892587954526479,0.5427716270602012,0.423462261747812,0.45062162421052987,0.35833246240733563,0.34720347092145926,0.3555251217429797,0.3974130211136355,0.5197979054308848,0.38941296101217826,0.3884841045905471,759.5559217877112,3.6513401281993854e-05,4.525937943790827,0.019352518751291417,0.04143343613790085
-24.506675657279427,-0.25959343058557277,-0.7137154547437475,0.30362607491200283,-0.4550523500782446,-0.34353563042875784,-0.49536517102058686,-0.23130035395174925,-0.41353122832307143,-0.15226625198058774,-0.2495193385038897,-0.04685078150883386,0.14081473097369981,3680.807479938926,4.798070535475244e-05,-18.237787965156514,0.031101282063129117,0.12302702457501218,1.4006342750486498,0.49370927962523514,0.5537713478846189,0.502889940477956,0.37395354316432045,0.39520185401572433,0.30838759736725635,0.3374572899143858,0.37718810239218664,0.40409870997399827,0.4848815852817549,0.3850457920695223,0.38023513105252266,508.28356533321073,2.9433466331371834e-05,5.482181292048914,0.015283082399519622,0.027909370851895765
-24.38115829057965,-0.3555226801156306,-0.6724159663314532,0.3119258791793033,-0.5386728311924056,-0.4449385077216659,-0.4764862622390549,-0.406634920505929,-0.5549078804813122,-0.13571883336738863,-0.03759680260819458,0.08098356587370331,0.26542259244106364,3806.9606121712645,5.162459845291412e-05,-17.21545637658633,0.03251091537314569,0.13034395944612664,1.0039142280879263,0.5076778481762594,0.5892587954526479,0.5427716270602012,0.423462261747812,0.45062162421052987,0.35833246240733563,0.34720347092145926,0.3555251217429797,0.3974130211136355,0.5197979054308848,0.38941296101217826,0.3884841045905471,759.5559217877112,3.6513401281993854e-05,4.525937943790827,0.019352518751291417,0.04143343613790085
-24.506675657279427,-0.25959343058557277,-0.7137154547437475,0.30362607491200283,-0.4550523500782446,-0.34353563042875784,-0.49536517102058686,-0.23130035395174925,-0.41353122832307143,-0.15226625198058774,-0.2495193385038897,-0.04685078150883386,0.14081473097369981,3680.807479938926,4.798070535475244e-05,-18.237787965156514,0.031101282063129117,0.12302702457501218,1.4006342750486498,0.49370927962523514,0.5537713478846189,0.502889940477956,0.37395354316432045,0.39520185401572433,0.30838759736725635,0.3374572899143858,0.37718810239218664,0.40409870997399827,0.4848815852817549,0.3850457920695223,0.38023513105252266,508.28356533321073,2.9433466331371834e-05,5.482181292048914,0.015283082399519622,0.027909370851895765
-24.88013715140024,0.011732379560130981,-0.997865990579934,0.3152397385078262,-0.5311484251814312,-0.6002179339161492,-0.4663756103299307,-0.40758327423530394,-0.2540033786536393,0.03995840342637708,0.2859801154926916,0.058166252700095275,0.08396595441027191,3669.3769304505404,4.3041962582425846e-05,-19.25616552648556,0.035700681432696335,0.11028324960213505,1.3577801860794094,0.4767796156241357,0.5248799909636499,0.36889088618268095,0.43109483005894655,0.29472921133813756,0.31722142999183794,0.3406318812295782,0.3956413133975191,0.37684391137943146,0.4607435907195657,0.33931810192569617,0.26832432281041235,517.8810707103805,3.638650409647627e-05,5.065944342313756,0.0198951037255349,0.030362289272550677
-24.88013715140024,0.011732379560130981,-0.997865990579934,0.3152397385078262,-0.5311484251814312,-0.6002179339161492,-0.4663756103299307,-0.40758327423530394,-0.2540033786536393,0.03995840342637708,0.2859801154926916,0.058166252700095275,0.08396595441027191,3669.3769304505404,4.3041962582425846e-05,-19.25616552648556,0.035700681432696335,0.11028324960213505,1.3577801860794094,0.4767796156241357,0.5248799909636499,0.36889088618268095,0.43109483005894655,0.29472921133813756,0.31722142999183794,0.3406318812295782,0.3956413133975191,0.37684391137943146,0.4607435907195657,0.33931810192569617,0.26832432281041235,517.8810707103805,3.638650409647627e-05,5.065944342313756,0.0198951037255349,0.030362289272550677
-25.4473938169125,0.9871327824936842,-0.9574507670107656,0.4433471533063195,-0.24204157452348568,-0.09895325650015727,-0.3420700760713336,0.04526837717181512,-0.07066408019980419,-0.4213533574637534,-0.250647445827389,-0.08368218066272197,-0.02431585855623906,2958.1708845518206,2.9862352295870566e-05,-21.664561593200485,0.03730905944934456,0.08542812536620586,1.7759511703926767,0.7610601266880894,0.5441508667135447,0.41646802641461383,0.39424146348906686,0.40319761089381595,0.30452952732175614,0.4165226928304899,0.44735303895728934,0.3157589919532748,0.3530819323165785,0.38304430360409913,0.40091807776390415,581.0629960833605,2.174336002443682e-05,4.881659191545013,0.020041240093182453,0.02353849034507373
-24.59782762997941,0.4852276390606202,-0.9074578821413755,0.4658063848206765,-0.41548040833900285,0.0645138932827951,-0.4039556269722139,-0.13965573018118368,-0.37058437497949237,-0.3734954169076928,-0.23176168549375978,-0.11283716570209529,0.20412586117998477,3422.691843127499,5.2156969690443685e-05,-17.533705857892627,0.03581388365529861,0.10186892570793497,1.4379995833170007,0.6528289942017009,0.612372542001393,0.42366865907172596,0.5326339976375134,0.4337447728885704,0.42953358365400524,0.37104212668805275,0.361138310088824,0.506338080152983,0.6500398762594379,0.5319661720760652,0.447834933065823,933.3212853569571,2.9426346056382324e-05,4.237131913683182,0.020387431558530737,0.037759367395181744
-25.4473938169125,0.9871327824936842,-0.9574507670107656,0.4433471533063195,-0.24204157452348568,-0.09895325650015727,-0.3420700760713336,0.04526837717181512,-0.07066408019980419,-0.4213533574637534,-0.250647445827389,-0.08368218066272197,-0.02431585855623906,2958.1708845518206,2.9862352295870566e-05,-21.664561593200485,0.03730905944934456,0.08542812536620586,1.7759511703926767,0.7610601266880894,0.5441508667135447,0.41646802641461383,0.39424146348906686,0.40319761089381595,0.30452952732175614,0.4165226928304899,0.44735303895728934,0.3157589919532748,0.3530819323165785,0.38304430360409913,0.40091807776390415,581.0629960833605,2.174336002443682e-05,4.881659191545013,0.020041240093182453,0.02353849034507373
-24.59782762997941,0.4852276390606202,-0.9074578821413755,0.4658063848206765,-0.41548040833900285,0.0645138932827951,-0.4039556269722139,-0.13965573018118368,-0.37058437497949237,-0.3734954169076928,-0.23176168549375978,-0.11283716570209529,0.20412586117998477,3422.691843127499,5.2156969690443685e-05,-17.533705857892627,0.03581388365529861,0.10186892570793497,1.4379995833170007,0.6528289942017009,0.612372542001393,0.42366865907172596,0.5326339976375134,0.4337447728885704,0.42953358365400524,0.37104212668805275,0.361138310088824,0.506338080152983,0.6500398762594379,0.5319661720760652,0.447834933065823,933.3212853569571,2.9426346056382324e-05,4.237131913683182,0.020387431558530737,0.037759367395181744
-25.716398669453355,1.1142846387005045,-0.8546255967566911,0.42325538946795394,-0.08945766581842124,-0.1907616512654693,-0.3067617456780198,0.06455514742881308,-0.06275250954619611,-0.3481831395921406,-0.23560581307574213,0.005346252470122745,0.00953789864788999,2966.9977958130626,2.1346330342384705e-05,-23.136512786578052,0.03638819020047249,0.08535554572706275,1.7988640216479708,0.7569286154310011,0.45675329593710745,0.384606321872235,0.28043212886316965,0.31286770673929193,0.3033664890580709,0.38560291267154156,0.46386900473928566,0.29522110402302887,0.31798011563346024,0.3267450982548355,0.2850065657233478,576.9690991695643,1.2235747299589064e-05,3.9557549595976145,0.018341667171846987,0.022485657001515842
-25.879286576860206,0.6652439368501903,-0.7542037579657996,0.506060330377266,0.029509187346651138,-0.15675014337096912,-0.17047345241213838,0.014630749214055888,-0.4068381126720643,-0.2037973345428009,-0.2595831556475672,-0.06289349048189932,0.09139762658009562,3489.152908286833,2.5683481620808757e-05,-21.91006321385995,0.03875058322072622,0.10532326290840223,1.779302799777308,0.5705848250826119,0.4704937343880496,0.3469537848880542,0.2820303845088894,0.2963604056150994,0.26678107227214487,0.32151952110785037,0.32514845882034193,0.41535089513273865,0.5416638563935229,0.46830806378044776,0.37812985426369067,467.9729877150205,1.3650779742442494e-05,4.267376392894011,0.01790852183012407,0.02156222847282516
-25.716398669453355,1.1142846387005045,-0.8546255967566911,0.42325538946795394,-0.08945766581842124,-0.1907616512654693,-0.3067617456780198,0.06455514742881308,-0.06275250954619611,-0.3481831395921406,-0.23560581307574213,0.005346252470122745,0.00953789864788999,2966.9977958130626,2.1346330342384705e-05,-23.136512786578052,0.03638819020047249,0.08535554572706275,1.7988640216479708,0.7569286154310011,0.45675329593710745,0.384606321872235,0.28043212886316965,0.31286770673929193,0.3033664890580709,0.38560291267154156,0.46386900473928566,0.29522110402302887,0.31798011563346024,0.3267450982548355,0.2850065657233478,576.9690991695643,1.2235747299589064e-05,3.9557549595976145,0.018341667171846987,0.022485657001515842
-25.879286576860206,0.6652439368501903,-0.7542037579657996,0.506060330377266,0.029509187346651138,-0.15675014337096912,-0.17047345241213838,0.014630749214055888,-0.4068381126720643,-0.2037973345428009,-0.2595831556475672,-0.06289349048189932,0.09139762658009562,3489.152908286833,2.5683481620808757e-05,-21.91006321385995,0.03875058322072622,0.10532326290840223,1.779302799777308,0.5705848250826119,0.4704937343880496,0.3469537848880542,0.2820303845088894,0.2963604056150994,0.26678107227214487,0.32151952110785037,0.32514845882034193,0.41535089513273865,0.5416638563935229,0.46830806378044776,0.37812985426369067,467.9729877150205,1.3650779742442494e-05,4.267376392894011,0.01790852183012407,0.02156222847282516
-23.515956603005254,0.6159279143862488,-1.3705352449383723,0.4701472405034666,-0.15083951956030256,0.05902884224132432,-0.15192683423845857,-0.027564834423834124,-0.011288558392103425,-0.22429975797927798,0.05732764814959518,0.167763352903858,0.31135312240691687,2970.052224772821,5.657807798839161e-05,-15.538659407807014,0.03667733353875211,0.09468354143276744,1.2836804342518213,0.7716838499490263,0.583134911287562,0.3282874226622288,0.2589820071035368,0.49491671384798824,0.29044843542337523,0.3781228883407083,0.40687563332917387,0.3354578906421843,0.32879087586735883,0.32504932487910276,0.2986759718162818,770.0676854521014,3.645462007758501e-05,4.3280808265341895,0.020420557073270493,0.029880631867418683
-23.515956603005254,0.6159279143862488,-1.3705352449383723,0.4701472405034666,-0.15083951956030256,0.05902884224132432,-0.15192683423845857,-0.027564834423834124,-0.011288558392103425,-0.22429975797927798,0.05732764814959518,0.167763352903858,0.31135312240691687,2970.052224772821,5.657807798839161e-05,-15.538659407807014,0.03667733353875211,0.09468354143276744,1.2836804342518213,0.7716838499490263,0.583134911287562,0.3282874226622288,0.2589820071035368,0.49491671384798824,0.29044843542337523,0.3781228883407083,0.40687563332917387,0.3354578906421843,0.32879087586735883,0.32504932487910276,0.2986759718162818,770.0676854521014,3.645462007758501e-05,4.3280808265341895,0.020420557073270493,0.029880631867418683
-24.015066353438666,0.6611517325809328,-1.1510098706239658,0.49762848647449764,-0.0833579319681375,-0.17661098965809408,-0.10234825207703177,0.10546143216969961,-0.01989006243732201,-0.25918274581033396,0.04255364594330029,0.2081904466457357,0.3102679719430752,3037.071565890218,3.616776554278717e-05,-18.300194177041007,0.029334312720076583,0.09715408430578709,1.1913999255490992,0.8590122608499234,0.45574640273580885,0.2889627107217901,0.22533126967046022,0.3132608802897077,0.28666453697159977,0.4202187698192249,0.3959687101534661,0.30803020269951653,0.29703809616606647,0.2543796523672332,0.3006059923736328,775.1914102607817,1.4691219082760744e-05,2.5917540446269487,0.014817383112628545,0.02890129004923332
-24.015066353438666,0.6611517325809328,-1.1510098706239658,0.49762848647449764,-0.0833579319681375,-0.17661098965809408,-0.10234825207703177,0.10546143216969961,-0.01989006243732201,-0.25918274581033396,0.04255364594330029,0.2081904466457357,0.3102679719430752,3037.071565890218,3.616776554278717e-05,-18.300194177041007,0.029334312720076583,0.09715408430578709,1.1913999255490992,0.8590122608499234,0.45574640273580885,0.2889627107217901,0.22533126967046022,0.3132608802897077,0.28666453697159977,0.4202187698192249,0.3959687101534661,0.30803020269951653,0.29703809616606647,0.2543796523672332,0.3006059923736328,775.1914102607817,1.4691219082760744e-05,2.5917540446269487,0.014817383112628545,0.02890129004923332
-24.910730297121713,1.7991858111756889,-0.8204319164581299,0.19933182630860552,-0.2185356087142521,-0.02847510143087268,-0.24443471763028007,0.11298527342446009,0.15900269047747945,-0.4070272173104291,-0.0018684327141508486,-0.10820814724442686,0.11438829967064033,3505.041517300129,3.149364763850195e-05,-20.091793927794317,0.04398388126480563,0.07418206148856303,1.332202675862608,0.48542016836494556,0.39417014714499615,0.28243746923795593,0.32545381338953744,0.26500579523621137,0.32141952064610674,0.2657935322443809,0.25033162893364763,0.27615195706592766,0.34460488715855686,0.3756497935128323,0.3290685084694367,1005.9387603550563,2.6524990087648595e-05,5.17870419430215,0.03245365537565484,0.025695231980831214
-24.805147001621506,2.04260977072019,-1.1281281748190792,0.12630868896046202,-0.31450274040026205,0.1166744417606585,-0.212378751975162,-0.04474033088399096,-0.0861010770246668,-0.292921042440645,0.17374458058425282,-0.05459251138958097,0.05693637205780324,3052.8203477898705,4.104639818996908e-05,-18.91950709455782,0.04481843672252561,0.07170736040705082,1.1776320296137863,0.5045237556251122,0.40623799341870975,0.3350673027677624,0.29956707960979906,0.2812504504763048,0.270959107999223,0.3291719444527107,0.2967124535468819,0.38223223792833605,0.3902021909063799,0.36557435836905505,0.33674443918884045,836.1063047044994,3.1997714624981985e-05,4.896520243550736,0.02591126460427038,0.021041572659290762
-25.358664533358624,2.00482177906542,-0.8214532240550153,0.11956551146063255,-0.4642246675777573,-0.03793174829723949,-0.29609704254924674,-0.06942646390900312,-0.16320371093456712,-0.4053061358548924,0.14059692457412287,-0.06838121105559113,0.20228785094559726,2980.322385145373,3.990298882177451e-05,-19.44603934704995,0.05856477427012907,0.061402374715068216,1.1045675195741926,0.532633229460336,0.4072067912944658,0.37802430694469014,0.3653825748958685,0.2854734438381736,0.30513614724522037,0.2958305429233069,0.3075909822677288,0.3923453026834602,0.429378135186156,0.38777745723626306,0.3710214998772113,777.8198305556336,3.4202372435028e-05,5.623834232115047,0.037806725626841446,0.02462288280088485
-25.632354334254764,1.556571095861828,-1.1209179618338516,0.21871669830686438,-0.24193630776926855,0.0663736554200446,-0.41570047779616814,-0.23337325762695144,-0.23172419832436011,-0.48866872423798935,-0.13115602757963749,0.0021874815227775632,0.28953123864005115,3465.2777545577674,3.454356168725384e-05,-20.2126272190247,0.052986570046468826,0.07269342284822161,1.8167030625785756,0.6600074926274824,0.4242908833864963,0.381375027935189,0.33780076402736775,0.3585646264935186,0.3415101942796405,0.3522943467799286,0.30919349520118034,0.4273345858532254,0.4734394539520221,0.4168671832216606,0.4697516143919789,1074.5612342028421,2.6316645486040917e-05,6.033837388435043,0.031758374707315434,0.029820246391924023
-25.082932488257633,2.0173503278923803,-0.9494948480787976,0.2919487205344003,-0.18609586863998495,0.11452180038216671,-0.21577572053216557,0.02443826451890009,-0.05207928063924863,-0.35084601757749256,0.0606471528840148,0.013707083889489153,0.2500931053617104,3148.9142936676967,3.838329266393761e-05,-19.389208356052134,0.05142580413791419,0.06604255737382672,1.304029608250103,0.5549129321864129,0.4820685865744864,0.3539642573901967,0.39888888632465413,0.3181210190716209,0.2992388464217287,0.38001394599415433,0.3705055807094096,0.31940860944852384,0.47811100029143955,0.37281032692598404,0.3212498905410088,861.5801395000138,2.995237903335513e-05,5.241156422682696,0.03464155025726281,0.024366794247354637
-24.601612867167024,1.6054256921859515,-0.7116936907688876,0.22370291409491486,-0.23302101650462487,0.08316574868351075,-0.2570375765754614,-0.03406685959582407,-0.23042167696114216,-0.14445701880495931,-0.05030821026452054,-0.24303156419148,0.05515194492681293,3253.2381696965285,3.9208064116804125e-05,-18.866925776148484,0.04243363237790888,0.07646605200784767,1.3218227464358692,0.4642713848266704,0.3707395947472666,0.3700571923137866,0.37226686634975625,0.2641142219577399,0.2839874750835238,0.3412197522384051,0.3296200154781069,0.3510516105865955,0.41618063082659645,0.4296654116652377,0.3484723170000622,658.6578863477783,2.5322109690203548e-05,4.242849790364829,0.022229072846377283,0.02323564588764955
-26.111298229632645,1.7419439151130864,-1.1219961448112363,0.14632895980473198,-0.3314952948414756,0.21166780324301382,-0.4135203324319589,-0.13675878343312176,0.059931642735335654,-0.4019542477485205,-0.26736137469729254,-0.10311533842802062,0.1806827061083618,2752.321239242442,3.834662926794591e-05,-19.796553480773397,0.07074905141553077,0.060890537051527756,1.917584522097934,0.6461559837181362,0.5525079471489083,0.46264861700970006,0.4998090465999478,0.4289616597714676,0.31847704440603836,0.36553412860742407,0.364396849682424,0.44137335990925397,0.5958615265947549,0.4702670486959677,0.49546982321686794,731.5289086430329,3.608433907369706e-05,7.250073999152646,0.04590360427126318,0.023972927030882257
-25.89663822905358,1.7295011980301633,-0.7961256386083365,0.382120804911941,-0.460545468540695,-0.09340251285562547,-0.29763911479945254,-0.0668994751029801,-0.3715292061814205,-0.03679620524569332,0.0027387142232116915,-0.17788088629203458,0.13268525197574219,2818.680138698026,3.1041914677733914e-05,-21.647676758932413,0.053856563164211224,0.06818516880436386,1.6303165254112284,0.4842932794780596,0.4100402397134462,0.3214418926198488,0.40187144950480147,0.317201373093344,0.3354984257122309,0.35038254561437093,0.3046751463741264,0.31291473202779213,0.49272229485296304,0.4305960680922703,0.3616100501378078,443.21974454349663,2.9547704012426813e-05,5.913832177334824,0.0342443388875373,0.023842764769840777
-25.067486082254224,1.7457795197952901,-0.8589477576326287,0.2844685291508712,-0.24777421213646195,-0.06666450039722356,-0.26525183628982335,0.04568860730337213,-0.22833807096538508,-0.09960848014604744,0.1850389588362657,-0.05050295818523638,-0.003401358238339674,3133.185336378759,4.059295855254557e-05,-18.932414421032973,0.0510988247965864,0.06916499393279579,1.299627430370372,0.4325028620692316,0.4470191231830311,0.3744492867315322,0.4188853248181996,0.3695530819902051,0.3015150020226417,0.31919339557985354,0.31197733664933586,0.42564781636541776,0.5084648179303521,0.378476867392451,0.38372672856195317,647.8446832480217,3.202561776720639e-05,5.091168791610141,0.03114691870487244,0.02091850080218629
-24.910730297121713,1.7991858111756889,-0.8204319164581299,0.19933182630860552,-0.2185356087142521,-0.02847510143087268,-0.24443471763028007,0.11298527342446009,0.15900269047747945,-0.4070272173104291,-0.0018684327141508486,-0.10820814724442686,0.11438829967064033,3505.041517300129,3.149364763850195e-05,-20.091793927794317,0.04398388126480563,0.07418206148856303,1.332202675862608,0.48542016836494556,0.39417014714499615,0.28243746923795593,0.32545381338953744,0.26500579523621137,0.32141952064610674,0.2657935322443809,0.25033162893364763,0.27615195706592766,0.34460488715855686,0.3756497935128323,0.3290685084694367,1005.9387603550563,2.6524990087648595e-05,5.17870419430215,0.03245365537565484,0.025695231980831214
-24.805147001621506,2.04260977072019,-1.1281281748190792,0.12630868896046202,-0.31450274040026205,0.1166744417606585,-0.212378751975162,-0.04474033088399096,-0.0861010770246668,-0.292921042440645,0.17374458058425282,-0.05459251138958097,0.05693637205780324,3052.8203477898705,4.104639818996908e-05,-18.91950709455782,0.04481843672252561,0.07170736040705082,1.1776320296137863,0.5045237556251122,0.40623799341870975,0.3350673027677624,0.29956707960979906,0.2812504504763048,0.270959107999223,0.3291719444527107,0.2967124535468819,0.38223223792833605,0.3902021909063799,0.36557435836905505,0.33674443918884045,836.1063047044994,3.1997714624981985e-05,4.896520243550736,0.02591126460427038,0.021041572659290762
-25.358664533358624,2.00482177906542,-0.8214532240550153,0.11956551146063255,-0.4642246675777573,-0.03793174829723949,-0.29609704254924674,-0.06942646390900312,-0.16320371093456712,-0.4053061358548924,0.14059692457412287,-0.06838121105559113,0.20228785094559726,2980.322385145373,3.990298882177451e-05,-19.44603934704995,0.05856477427012907,0.061402374715068216,1.1045675195741926,0.532633229460336,0.4072067912944658,0.37802430694469014,0.3653825748958685,0.2854734438381736,0.30513614724522037,0.2958305429233069,0.3075909822677288,0.3923453026834602,0.429378135186156,0.38777745723626306,0.3710214998772113,777.8198305556336,3.4202372435028e-05,5.623834232115047,0.037806725626841446,0.02462288280088485
-25.632354334254764,1.556571095861828,-1.1209179618338516,0.21871669830686438,-0.24193630776926855,0.0663736554200446,-0.41570047779616814,-0.23337325762695144,-0.23172419832436011,-0.48866872423798935,-0.13115602757963749,0.0021874815227775632,0.28953123864005115,3465.2777545577674,3.454356168725384e-05,-20.2126272190247,0.052986570046468826,0.07269342284822161,1.8167030625785756,0.6600074926274824,0.4242908833864963,0.381375027935189,0.33780076402736775,0.3585646264935186,0.3415101942796405,0.3522943467799286,0.30919349520118034,0.4273345858532254,0.4734394539520221,0.4168671832216606,0.4697516143919789,1074.5612342028421,2.6316645486040917e-05,6.033837388435043,0.031758374707315434,0.029820246391924023
-25.082932488257633,2.0173503278923803,-0.9494948480787976,0.2919487205344003,-0.18609586863998495,0.11452180038216671,-0.21577572053216557,0.02443826451890009,-0.05207928063924863,-0.35084601757749256,0.0606471528840148,0.013707083889489153,0.2500931053617104,3148.9142936676967,3.838329266393761e-05,-19.389208356052134,0.05142580413791419,0.06604255737382672,1.304029608250103,0.5549129321864129,0.4820685865744864,0.3539642573901967,0.39888888632465413,0.3181210190716209,0.2992388464217287,0.38001394599415433,0.3705055807094096,0.31940860944852384,0.47811100029143955,0.37281032692598404,0.3212498905410088,861.5801395000138,2.995237903335513e-05,5.241156422682696,0.03464155025726281,0.024366794247354637
-24.601612867167024,1.6054256921859515,-0.7116936907688876,0.22370291409491486,-0.23302101650462487,0.08316574868351075,-0.2570375765754614,-0.03406685959582407,-0.23042167696114216,-0.14445701880495931,-0.05030821026452054,-0.24303156419148,0.05515194492681293,3253.2381696965285,3.9208064116804125e-05,-18.866925776148484,0.04243363237790888,0.07646605200784767,1.3218227464358692,0.4642713848266704,0.3707395947472666,0.3700571923137866,0.37226686634975625,0.2641142219577399,0.2839874750835238,0.3412197522384051,0.3296200154781069,0.3510516105865955,0.41618063082659645,0.4296654116652377,0.3484723170000622,658.6578863477783,2.5322109690203548e-05,4.242849790364829,0.022229072846377283,0.02323564588764955
-26.111298229632645,1.7419439151130864,-1.1219961448112363,0.14632895980473198,-0.3314952948414756,0.21166780324301382,-0.4135203324319589,-0.13675878343312176,0.059931642735335654,-0.4019542477485205,-0.26736137469729254,-0.10311533842802062,0.1806827061083618,2752.321239242442,3.834662926794591e-05,-19.796553480773397,0.07074905141553077,0.060890537051527756,1.917584522097934,0.6461559837181362,0.5525079471489083,0.46264861700970006,0.4998090465999478,0.4289616597714676,0.31847704440603836,0.36553412860742407,0.364396849682424,0.44137335990925397,0.5958615265947549,0.4702670486959677,0.49546982321686794,731.5289086430329,3.608433907369706e-05,7.250073999152646,0.04590360427126318,0.023972927030882257
-25.89663822905358,1.7295011980301633,-0.7961256386083365,0.382120804911941,-0.460545468540695,-0.09340251285562547,-0.29763911479945254,-0.0668994751029801,-0.3715292061814205,-0.03679620524569332,0.0027387142232116915,-0.17788088629203458,0.13268525197574219,2818.680138698026,3.1041914677733914e-05,-21.647676758932413,0.053856563164211224,0.06818516880436386,1.6303165254112284,0.4842932794780596,0.4100402397134462,0.3214418926198488,0.40187144950480147,0.317201373093344,0.3354984257122309,0.35038254561437093,0.3046751463741264,0.31291473202779213,0.49272229485296304,0.4305960680922703,0.3616100501378078,443.21974454349663,2.9547704012426813e-05,5.913832177334824,0.0342443388875373,0.023842764769840777
-25.067486082254224,1.7457795197952901,-0.8589477576326287,0.2844685291508712,-0.24777421213646195,-0.06666450039722356,-0.26525183628982335,0.04568860730337213,-0.22833807096538508,-0.09960848014604744,0.1850389588362657,-0.05050295818523638,-0.003401358238339674,3133.185336378759,4.059295855254557e-05,-18.932414421032973,0.0510988247965864,0.06916499393279579,1.299627430370372,0.4325028620692316,0.4470191231830311,0.3744492867315322,0.4188853248181996,0.3695530819902051,0.3015150020226417,0.31919339557985354,0.31197733664933586,0.42564781636541776,0.5084648179303521,0.378476867392451,0.38372672856195317,647.8446832480217,3.202561776720639e-05,5.091168791610141,0.03114691870487244,0.02091850080218629
-27.065866316379573,0.5544727082553685,-1.2579775808874676,0.17906374352970564,-0.7937893317522029,-0.18597299769773154,-0.5381428144294538,0.05175783082040506,-0.3468066101511605,0.20323096087924428,-0.21133015133166325,-0.04457572509361473,-0.181488847720976,2869.1508657502022,4.6523903392723606e-05,-21.404238319897434,0.062262661301317065,0.09156828723392191,2.6541855988216008,0.8428569870747421,0.5842124296435818,0.49180662724381224,0.4671844993002521,0.47668866538813054,0.2751860598971278,0.3549483841335686,0.6063450022340304,0.6619406457996398,0.5727271711168221,0.4916251998907229,0.588583723198136,885.224387195951,4.078527033911543e-05,10.62213441497675,0.03370431976261545,0.03172650178441766
-27.065866316379573,0.5544727082553685,-1.2579775808874676,0.17906374352970564,-0.7937893317522029,-0.18597299769773154,-0.5381428144294538,0.05175783082040506,-0.3468066101511605,0.20323096087924428,-0.21133015133166325,-0.04457572509361473,-0.181488847720976,2869.1508657502022,4.6523903392723606e-05,-21.404238319897434,0.062262661301317065,0.09156828723392191,2.6541855988216008,0.8428569870747421,0.5842124296435818,0.49180662724381224,0.4671844993002521,0.47668866538813054,0.2751860598971278,0.3549483841335686,0.6063450022340304,0.6619406457996398,0.5727271711168221,0.4916251998907229,0.588583723198136,885.224387195951,4.078527033911543e-05,10.62213441497675,0.03370431976261545,0.03172650178441766
-26.97748057844966,0.5489159139225385,-1.3528355991674335,0.3434370627295316,-0.759999590252365,-0.054009408289173125,-0.3074199262600041,0.02044951207695247,-0.30277124697455676,-0.11873407134152757,-0.40993611535992763,-0.10076899952512684,-0.00984490962599789,2788.7587570333435,3.632648396854832e-05,-22.9888906187145,0.051552273315399307,0.08356260182885569,2.0790378254323496,0.7652334167633864,0.44553224581834655,0.31511317263688055,0.4114653579614419,0.4967754628125121,0.3226722416515201,0.39212575542314015,0.4359040992520489,0.5225619144346081,0.5200857115598152,0.5329147246338604,0.49124774095866924,623.4094828214779,3.4242046144713005e-05,8.54230429668287,0.029456139716225974,0.02760716370227226
-26.97748057844966,0.5489159139225385,-1.3528355991674335,0.3434370627295316,-0.759999590252365,-0.054009408289173125,-0.3074199262600041,0.02044951207695247,-0.30277124697455676,-0.11873407134152757,-0.40993611535992763,-0.10076899952512684,-0.00984490962599789,2788.7587570333435,3.632648396854832e-05,-22.9888906187145,0.051552273315399307,0.08356260182885569,2.0790378254323496,0.7652334167633864,0.44553224581834655,0.31511317263688055,0.4114653579614419,0.4967754628125121,0.3226722416515201,0.39212575542314015,0.4359040992520489,0.5225619144346081,0.5200857115598152,0.5329147246338604,0.49124774095866924,623.4094828214779,3.4242046144713005e-05,8.54230429668287,0.029456139716225974,0.02760716370227226
-23.731957389979286,0.1346489846916993,-1.8845100996425448,0.5106591456076427,-0.21009664771570713,-0.6511804776923458,-0.3346569389155736,0.5372639186403291,-0.32353261904607755,-0.1157072163041351,0.3592232662268768,0.1368769160925701,-0.04425636245088912,2424.165006629621,7.475591265397522e-05,-12.367587762420165,0.04706814543117227,0.09050038368923818,1.0740981724115866,0.6419284874016293,0.601284802226509,0.4685338788174243,0.40184577551264083,0.6066406512314785,0.34685519290302375,0.4339102493973666,0.3623111640887707,0.3714734779232387,0.3166596825612138,0.33773160769048965,0.3912064204100978,322.7340868844904,2.3892129116340284e-05,1.8265899397958076,0.022531736607146448,0.013332036164806665
-23.731957389979286,0.1346489846916993,-1.8845100996425448,0.5106591456076427,-0.21009664771570713,-0.6511804776923458,-0.3346569389155736,0.5372639186403291,-0.32353261904607755,-0.1157072163041351,0.3592232662268768,0.1368769160925701,-0.04425636245088912,2424.165006629621,7.475591265397522e-05,-12.367587762420165,0.04706814543117227,0.09050038368923818,1.0740981724115866,0.6419284874016293,0.601284802226509,0.4685338788174243,0.40184577551264083,0.6066406512314785,0.34685519290302375,0.4339102493973666,0.3623111640887707,0.3714734779232387,0.3166596825612138,0.33773160769048965,0.3912064204100978,322.7340868844904,2.3892129116340284e-05,1.8265899397958076,0.022531736607146448,0.013332036164806665
